#! /c/Source/iverilog-install/bin/vvp
:ivl_version "12.0 (devel)" "(s20150603-1539-g2693dd32b)";
:ivl_delay_selection "TYPICAL";
:vpi_time_precision - 12;
:vpi_module "C:\iverilog\lib\ivl\system.vpi";
:vpi_module "C:\iverilog\lib\ivl\vhdl_sys.vpi";
:vpi_module "C:\iverilog\lib\ivl\vhdl_textio.vpi";
:vpi_module "C:\iverilog\lib\ivl\v2005_math.vpi";
:vpi_module "C:\iverilog\lib\ivl\va_math.vpi";
:vpi_module "C:\iverilog\lib\ivl\v2009.vpi";
S_000001c9016622d0 .scope package, "$unit" "$unit" 2 1;
 .timescale 0 0;
S_000001c9016a1760 .scope module, "nn_accelerator_tb" "nn_accelerator_tb" 3 3;
 .timescale -9 -12;
v000001c9016cd190_0 .var "clk", 0 0;
v000001c9016ce8b0_0 .net "done", 0 0, v000001c9016cc540_0;  1 drivers
v000001c9016cd910 .array/s "expected_hidden", 15 0, 31 0;
v000001c9016cd370 .array/s "expected_output", 9 0, 31 0;
v000001c9016ce270 .array/s "expected_prediction", 0 0, 31 0;
v000001c9016cdc30_0 .var/2s "hidden_errors", 31 0;
v000001c9016cd230_0 .var/2s "output_errors", 31 0;
v000001c9016cd050_0 .net "prediction", 3 0, v000001c9016cbe60_0;  1 drivers
v000001c9016ccd30_0 .var "rst", 0 0;
v000001c9016ce590_0 .var "start", 0 0;
E_000001c90169d3c0 .event anyedge, v000001c9016cc540_0;
E_000001c90169d240 .event negedge, v000001c9016cc2c0_0;
S_000001c901635f00 .scope begin, "$ivl_for_loop0" "$ivl_for_loop0" 3 90, 3 90 0, S_000001c9016a1760;
 .timescale -9 -12;
v000001c901614280_0 .var/2s "i", 31 0;
S_000001c901636090 .scope begin, "$ivl_for_loop1" "$ivl_for_loop1" 3 112, 3 112 0, S_000001c9016a1760;
 .timescale -9 -12;
v000001c901716ee0_0 .var/2s "i", 31 0;
S_000001c90171e010 .scope module, "dut" "nn_accelerator" 3 18, 4 1 0, S_000001c9016a1760;
 .timescale 0 0;
    .port_info 0 /INPUT 1 "clk";
    .port_info 1 /INPUT 1 "rst";
    .port_info 2 /INPUT 1 "start";
    .port_info 3 /OUTPUT 1 "done";
    .port_info 4 /OUTPUT 4 "prediction";
P_000001c90171e1a0 .param/l "ACC_WIDTH" 0 4 7, +C4<00000000000000000000000000100000>;
P_000001c90171e1d8 .param/l "HIDDEN_SIZE" 0 4 3, +C4<00000000000000000000000000010000>;
P_000001c90171e210 .param/l "INPUT_SIZE" 0 4 2, +C4<00000000000000000000000001000000>;
P_000001c90171e248 .param/l "INPUT_WIDTH" 0 4 5, +C4<00000000000000000000000000001000>;
P_000001c90171e280 .param/l "OUTPUT_SIZE" 0 4 4, +C4<00000000000000000000000000001010>;
P_000001c90171e2b8 .param/l "SCALE_BITS" 0 4 8, +C4<00000000000000000000000000000111>;
P_000001c90171e2f0 .param/l "WEIGHT_WIDTH" 0 4 6, +C4<00000000000000000000000000001000>;
enum000001c901649d40 .enum4 (4)
   "IDLE" 4'b0000,
   "L1_INIT" 4'b0001,
   "L1_MAC" 4'b0010,
   "L1_STORE" 4'b0011,
   "L2_INIT" 4'b0100,
   "L2_MAC" 4'b0101,
   "L2_STORE" 4'b0110,
   "ARGMAX_INIT" 4'b0111,
   "ARGMAX_RUN" 4'b1000,
   "ARGMAX_DONE" 4'b1001,
   "DONE_STATE" 4'b1010
 ;
v000001c9016cc4a0_0 .var/s "acc_reg", 31 0;
v000001c9016cc0e0_0 .var "argmax_idx", 3 0;
v000001c9016cc180 .array/s "biases_l1", 15 0, 31 0;
v000001c9016cbb40 .array/s "biases_l2", 9 0, 31 0;
v000001c9016cc2c0_0 .net "clk", 0 0, v000001c9016cd190_0;  1 drivers
v000001c9016cc540_0 .var "done", 0 0;
v000001c9016cc360_0 .var "hidden_idx", 3 0;
v000001c9016cc860 .array/s "hidden_mem", 15 0, 31 0;
v000001c9016cc400_0 .var "input_idx", 5 0;
v000001c9016cbdc0 .array/s "input_mem", 63 0, 7 0;
v000001c9016cc680_0 .var "l2_hidden_idx", 3 0;
v000001c9016cc5e0_0 .net/s "mac_acc_out", 31 0, L_000001c9016ccab0;  1 drivers
v000001c9016cc900_0 .var/s "mac_input", 31 0;
v000001c9016cba00_0 .var/s "mac_weight", 7 0;
v000001c9016cbf00_0 .var "max_index", 3 0;
v000001c9016cbaa0_0 .var/s "max_value", 31 0;
v000001c9016cbc80_0 .var "output_idx", 3 0;
v000001c9016cbd20 .array/s "output_mem", 9 0, 31 0;
v000001c9016cbe60_0 .var "prediction", 3 0;
v000001c9016cbfa0_0 .net "rst", 0 0, v000001c9016ccd30_0;  1 drivers
v000001c9016cc040_0 .net "start", 0 0, v000001c9016ce590_0;  1 drivers
v000001c9016cd2d0_0 .var "state", 3 0;
v000001c9016ccfb0 .array/s "weights_l1", 1023 0, 7 0;
v000001c9016cd690 .array/s "weights_l2", 159 0, 7 0;
E_000001c90169ce00 .event posedge, v000001c9016cc2c0_0;
v000001c9016cbdc0_0 .array/port v000001c9016cbdc0, 0;
v000001c9016cbdc0_1 .array/port v000001c9016cbdc0, 1;
E_000001c90169d040/0 .event anyedge, v000001c9016cd2d0_0, v000001c9016cc400_0, v000001c9016cbdc0_0, v000001c9016cbdc0_1;
v000001c9016cbdc0_2 .array/port v000001c9016cbdc0, 2;
v000001c9016cbdc0_3 .array/port v000001c9016cbdc0, 3;
v000001c9016cbdc0_4 .array/port v000001c9016cbdc0, 4;
v000001c9016cbdc0_5 .array/port v000001c9016cbdc0, 5;
E_000001c90169d040/1 .event anyedge, v000001c9016cbdc0_2, v000001c9016cbdc0_3, v000001c9016cbdc0_4, v000001c9016cbdc0_5;
v000001c9016cbdc0_6 .array/port v000001c9016cbdc0, 6;
v000001c9016cbdc0_7 .array/port v000001c9016cbdc0, 7;
v000001c9016cbdc0_8 .array/port v000001c9016cbdc0, 8;
v000001c9016cbdc0_9 .array/port v000001c9016cbdc0, 9;
E_000001c90169d040/2 .event anyedge, v000001c9016cbdc0_6, v000001c9016cbdc0_7, v000001c9016cbdc0_8, v000001c9016cbdc0_9;
v000001c9016cbdc0_10 .array/port v000001c9016cbdc0, 10;
v000001c9016cbdc0_11 .array/port v000001c9016cbdc0, 11;
v000001c9016cbdc0_12 .array/port v000001c9016cbdc0, 12;
v000001c9016cbdc0_13 .array/port v000001c9016cbdc0, 13;
E_000001c90169d040/3 .event anyedge, v000001c9016cbdc0_10, v000001c9016cbdc0_11, v000001c9016cbdc0_12, v000001c9016cbdc0_13;
v000001c9016cbdc0_14 .array/port v000001c9016cbdc0, 14;
v000001c9016cbdc0_15 .array/port v000001c9016cbdc0, 15;
v000001c9016cbdc0_16 .array/port v000001c9016cbdc0, 16;
v000001c9016cbdc0_17 .array/port v000001c9016cbdc0, 17;
E_000001c90169d040/4 .event anyedge, v000001c9016cbdc0_14, v000001c9016cbdc0_15, v000001c9016cbdc0_16, v000001c9016cbdc0_17;
v000001c9016cbdc0_18 .array/port v000001c9016cbdc0, 18;
v000001c9016cbdc0_19 .array/port v000001c9016cbdc0, 19;
v000001c9016cbdc0_20 .array/port v000001c9016cbdc0, 20;
v000001c9016cbdc0_21 .array/port v000001c9016cbdc0, 21;
E_000001c90169d040/5 .event anyedge, v000001c9016cbdc0_18, v000001c9016cbdc0_19, v000001c9016cbdc0_20, v000001c9016cbdc0_21;
v000001c9016cbdc0_22 .array/port v000001c9016cbdc0, 22;
v000001c9016cbdc0_23 .array/port v000001c9016cbdc0, 23;
v000001c9016cbdc0_24 .array/port v000001c9016cbdc0, 24;
v000001c9016cbdc0_25 .array/port v000001c9016cbdc0, 25;
E_000001c90169d040/6 .event anyedge, v000001c9016cbdc0_22, v000001c9016cbdc0_23, v000001c9016cbdc0_24, v000001c9016cbdc0_25;
v000001c9016cbdc0_26 .array/port v000001c9016cbdc0, 26;
v000001c9016cbdc0_27 .array/port v000001c9016cbdc0, 27;
v000001c9016cbdc0_28 .array/port v000001c9016cbdc0, 28;
v000001c9016cbdc0_29 .array/port v000001c9016cbdc0, 29;
E_000001c90169d040/7 .event anyedge, v000001c9016cbdc0_26, v000001c9016cbdc0_27, v000001c9016cbdc0_28, v000001c9016cbdc0_29;
v000001c9016cbdc0_30 .array/port v000001c9016cbdc0, 30;
v000001c9016cbdc0_31 .array/port v000001c9016cbdc0, 31;
v000001c9016cbdc0_32 .array/port v000001c9016cbdc0, 32;
v000001c9016cbdc0_33 .array/port v000001c9016cbdc0, 33;
E_000001c90169d040/8 .event anyedge, v000001c9016cbdc0_30, v000001c9016cbdc0_31, v000001c9016cbdc0_32, v000001c9016cbdc0_33;
v000001c9016cbdc0_34 .array/port v000001c9016cbdc0, 34;
v000001c9016cbdc0_35 .array/port v000001c9016cbdc0, 35;
v000001c9016cbdc0_36 .array/port v000001c9016cbdc0, 36;
v000001c9016cbdc0_37 .array/port v000001c9016cbdc0, 37;
E_000001c90169d040/9 .event anyedge, v000001c9016cbdc0_34, v000001c9016cbdc0_35, v000001c9016cbdc0_36, v000001c9016cbdc0_37;
v000001c9016cbdc0_38 .array/port v000001c9016cbdc0, 38;
v000001c9016cbdc0_39 .array/port v000001c9016cbdc0, 39;
v000001c9016cbdc0_40 .array/port v000001c9016cbdc0, 40;
v000001c9016cbdc0_41 .array/port v000001c9016cbdc0, 41;
E_000001c90169d040/10 .event anyedge, v000001c9016cbdc0_38, v000001c9016cbdc0_39, v000001c9016cbdc0_40, v000001c9016cbdc0_41;
v000001c9016cbdc0_42 .array/port v000001c9016cbdc0, 42;
v000001c9016cbdc0_43 .array/port v000001c9016cbdc0, 43;
v000001c9016cbdc0_44 .array/port v000001c9016cbdc0, 44;
v000001c9016cbdc0_45 .array/port v000001c9016cbdc0, 45;
E_000001c90169d040/11 .event anyedge, v000001c9016cbdc0_42, v000001c9016cbdc0_43, v000001c9016cbdc0_44, v000001c9016cbdc0_45;
v000001c9016cbdc0_46 .array/port v000001c9016cbdc0, 46;
v000001c9016cbdc0_47 .array/port v000001c9016cbdc0, 47;
v000001c9016cbdc0_48 .array/port v000001c9016cbdc0, 48;
v000001c9016cbdc0_49 .array/port v000001c9016cbdc0, 49;
E_000001c90169d040/12 .event anyedge, v000001c9016cbdc0_46, v000001c9016cbdc0_47, v000001c9016cbdc0_48, v000001c9016cbdc0_49;
v000001c9016cbdc0_50 .array/port v000001c9016cbdc0, 50;
v000001c9016cbdc0_51 .array/port v000001c9016cbdc0, 51;
v000001c9016cbdc0_52 .array/port v000001c9016cbdc0, 52;
v000001c9016cbdc0_53 .array/port v000001c9016cbdc0, 53;
E_000001c90169d040/13 .event anyedge, v000001c9016cbdc0_50, v000001c9016cbdc0_51, v000001c9016cbdc0_52, v000001c9016cbdc0_53;
v000001c9016cbdc0_54 .array/port v000001c9016cbdc0, 54;
v000001c9016cbdc0_55 .array/port v000001c9016cbdc0, 55;
v000001c9016cbdc0_56 .array/port v000001c9016cbdc0, 56;
v000001c9016cbdc0_57 .array/port v000001c9016cbdc0, 57;
E_000001c90169d040/14 .event anyedge, v000001c9016cbdc0_54, v000001c9016cbdc0_55, v000001c9016cbdc0_56, v000001c9016cbdc0_57;
v000001c9016cbdc0_58 .array/port v000001c9016cbdc0, 58;
v000001c9016cbdc0_59 .array/port v000001c9016cbdc0, 59;
v000001c9016cbdc0_60 .array/port v000001c9016cbdc0, 60;
v000001c9016cbdc0_61 .array/port v000001c9016cbdc0, 61;
E_000001c90169d040/15 .event anyedge, v000001c9016cbdc0_58, v000001c9016cbdc0_59, v000001c9016cbdc0_60, v000001c9016cbdc0_61;
v000001c9016cbdc0_62 .array/port v000001c9016cbdc0, 62;
v000001c9016cbdc0_63 .array/port v000001c9016cbdc0, 63;
v000001c9016ccfb0_0 .array/port v000001c9016ccfb0, 0;
E_000001c90169d040/16 .event anyedge, v000001c9016cbdc0_62, v000001c9016cbdc0_63, v000001c9016cc360_0, v000001c9016ccfb0_0;
v000001c9016ccfb0_1 .array/port v000001c9016ccfb0, 1;
v000001c9016ccfb0_2 .array/port v000001c9016ccfb0, 2;
v000001c9016ccfb0_3 .array/port v000001c9016ccfb0, 3;
v000001c9016ccfb0_4 .array/port v000001c9016ccfb0, 4;
E_000001c90169d040/17 .event anyedge, v000001c9016ccfb0_1, v000001c9016ccfb0_2, v000001c9016ccfb0_3, v000001c9016ccfb0_4;
v000001c9016ccfb0_5 .array/port v000001c9016ccfb0, 5;
v000001c9016ccfb0_6 .array/port v000001c9016ccfb0, 6;
v000001c9016ccfb0_7 .array/port v000001c9016ccfb0, 7;
v000001c9016ccfb0_8 .array/port v000001c9016ccfb0, 8;
E_000001c90169d040/18 .event anyedge, v000001c9016ccfb0_5, v000001c9016ccfb0_6, v000001c9016ccfb0_7, v000001c9016ccfb0_8;
v000001c9016ccfb0_9 .array/port v000001c9016ccfb0, 9;
v000001c9016ccfb0_10 .array/port v000001c9016ccfb0, 10;
v000001c9016ccfb0_11 .array/port v000001c9016ccfb0, 11;
v000001c9016ccfb0_12 .array/port v000001c9016ccfb0, 12;
E_000001c90169d040/19 .event anyedge, v000001c9016ccfb0_9, v000001c9016ccfb0_10, v000001c9016ccfb0_11, v000001c9016ccfb0_12;
v000001c9016ccfb0_13 .array/port v000001c9016ccfb0, 13;
v000001c9016ccfb0_14 .array/port v000001c9016ccfb0, 14;
v000001c9016ccfb0_15 .array/port v000001c9016ccfb0, 15;
v000001c9016ccfb0_16 .array/port v000001c9016ccfb0, 16;
E_000001c90169d040/20 .event anyedge, v000001c9016ccfb0_13, v000001c9016ccfb0_14, v000001c9016ccfb0_15, v000001c9016ccfb0_16;
v000001c9016ccfb0_17 .array/port v000001c9016ccfb0, 17;
v000001c9016ccfb0_18 .array/port v000001c9016ccfb0, 18;
v000001c9016ccfb0_19 .array/port v000001c9016ccfb0, 19;
v000001c9016ccfb0_20 .array/port v000001c9016ccfb0, 20;
E_000001c90169d040/21 .event anyedge, v000001c9016ccfb0_17, v000001c9016ccfb0_18, v000001c9016ccfb0_19, v000001c9016ccfb0_20;
v000001c9016ccfb0_21 .array/port v000001c9016ccfb0, 21;
v000001c9016ccfb0_22 .array/port v000001c9016ccfb0, 22;
v000001c9016ccfb0_23 .array/port v000001c9016ccfb0, 23;
v000001c9016ccfb0_24 .array/port v000001c9016ccfb0, 24;
E_000001c90169d040/22 .event anyedge, v000001c9016ccfb0_21, v000001c9016ccfb0_22, v000001c9016ccfb0_23, v000001c9016ccfb0_24;
v000001c9016ccfb0_25 .array/port v000001c9016ccfb0, 25;
v000001c9016ccfb0_26 .array/port v000001c9016ccfb0, 26;
v000001c9016ccfb0_27 .array/port v000001c9016ccfb0, 27;
v000001c9016ccfb0_28 .array/port v000001c9016ccfb0, 28;
E_000001c90169d040/23 .event anyedge, v000001c9016ccfb0_25, v000001c9016ccfb0_26, v000001c9016ccfb0_27, v000001c9016ccfb0_28;
v000001c9016ccfb0_29 .array/port v000001c9016ccfb0, 29;
v000001c9016ccfb0_30 .array/port v000001c9016ccfb0, 30;
v000001c9016ccfb0_31 .array/port v000001c9016ccfb0, 31;
v000001c9016ccfb0_32 .array/port v000001c9016ccfb0, 32;
E_000001c90169d040/24 .event anyedge, v000001c9016ccfb0_29, v000001c9016ccfb0_30, v000001c9016ccfb0_31, v000001c9016ccfb0_32;
v000001c9016ccfb0_33 .array/port v000001c9016ccfb0, 33;
v000001c9016ccfb0_34 .array/port v000001c9016ccfb0, 34;
v000001c9016ccfb0_35 .array/port v000001c9016ccfb0, 35;
v000001c9016ccfb0_36 .array/port v000001c9016ccfb0, 36;
E_000001c90169d040/25 .event anyedge, v000001c9016ccfb0_33, v000001c9016ccfb0_34, v000001c9016ccfb0_35, v000001c9016ccfb0_36;
v000001c9016ccfb0_37 .array/port v000001c9016ccfb0, 37;
v000001c9016ccfb0_38 .array/port v000001c9016ccfb0, 38;
v000001c9016ccfb0_39 .array/port v000001c9016ccfb0, 39;
v000001c9016ccfb0_40 .array/port v000001c9016ccfb0, 40;
E_000001c90169d040/26 .event anyedge, v000001c9016ccfb0_37, v000001c9016ccfb0_38, v000001c9016ccfb0_39, v000001c9016ccfb0_40;
v000001c9016ccfb0_41 .array/port v000001c9016ccfb0, 41;
v000001c9016ccfb0_42 .array/port v000001c9016ccfb0, 42;
v000001c9016ccfb0_43 .array/port v000001c9016ccfb0, 43;
v000001c9016ccfb0_44 .array/port v000001c9016ccfb0, 44;
E_000001c90169d040/27 .event anyedge, v000001c9016ccfb0_41, v000001c9016ccfb0_42, v000001c9016ccfb0_43, v000001c9016ccfb0_44;
v000001c9016ccfb0_45 .array/port v000001c9016ccfb0, 45;
v000001c9016ccfb0_46 .array/port v000001c9016ccfb0, 46;
v000001c9016ccfb0_47 .array/port v000001c9016ccfb0, 47;
v000001c9016ccfb0_48 .array/port v000001c9016ccfb0, 48;
E_000001c90169d040/28 .event anyedge, v000001c9016ccfb0_45, v000001c9016ccfb0_46, v000001c9016ccfb0_47, v000001c9016ccfb0_48;
v000001c9016ccfb0_49 .array/port v000001c9016ccfb0, 49;
v000001c9016ccfb0_50 .array/port v000001c9016ccfb0, 50;
v000001c9016ccfb0_51 .array/port v000001c9016ccfb0, 51;
v000001c9016ccfb0_52 .array/port v000001c9016ccfb0, 52;
E_000001c90169d040/29 .event anyedge, v000001c9016ccfb0_49, v000001c9016ccfb0_50, v000001c9016ccfb0_51, v000001c9016ccfb0_52;
v000001c9016ccfb0_53 .array/port v000001c9016ccfb0, 53;
v000001c9016ccfb0_54 .array/port v000001c9016ccfb0, 54;
v000001c9016ccfb0_55 .array/port v000001c9016ccfb0, 55;
v000001c9016ccfb0_56 .array/port v000001c9016ccfb0, 56;
E_000001c90169d040/30 .event anyedge, v000001c9016ccfb0_53, v000001c9016ccfb0_54, v000001c9016ccfb0_55, v000001c9016ccfb0_56;
v000001c9016ccfb0_57 .array/port v000001c9016ccfb0, 57;
v000001c9016ccfb0_58 .array/port v000001c9016ccfb0, 58;
v000001c9016ccfb0_59 .array/port v000001c9016ccfb0, 59;
v000001c9016ccfb0_60 .array/port v000001c9016ccfb0, 60;
E_000001c90169d040/31 .event anyedge, v000001c9016ccfb0_57, v000001c9016ccfb0_58, v000001c9016ccfb0_59, v000001c9016ccfb0_60;
v000001c9016ccfb0_61 .array/port v000001c9016ccfb0, 61;
v000001c9016ccfb0_62 .array/port v000001c9016ccfb0, 62;
v000001c9016ccfb0_63 .array/port v000001c9016ccfb0, 63;
v000001c9016ccfb0_64 .array/port v000001c9016ccfb0, 64;
E_000001c90169d040/32 .event anyedge, v000001c9016ccfb0_61, v000001c9016ccfb0_62, v000001c9016ccfb0_63, v000001c9016ccfb0_64;
v000001c9016ccfb0_65 .array/port v000001c9016ccfb0, 65;
v000001c9016ccfb0_66 .array/port v000001c9016ccfb0, 66;
v000001c9016ccfb0_67 .array/port v000001c9016ccfb0, 67;
v000001c9016ccfb0_68 .array/port v000001c9016ccfb0, 68;
E_000001c90169d040/33 .event anyedge, v000001c9016ccfb0_65, v000001c9016ccfb0_66, v000001c9016ccfb0_67, v000001c9016ccfb0_68;
v000001c9016ccfb0_69 .array/port v000001c9016ccfb0, 69;
v000001c9016ccfb0_70 .array/port v000001c9016ccfb0, 70;
v000001c9016ccfb0_71 .array/port v000001c9016ccfb0, 71;
v000001c9016ccfb0_72 .array/port v000001c9016ccfb0, 72;
E_000001c90169d040/34 .event anyedge, v000001c9016ccfb0_69, v000001c9016ccfb0_70, v000001c9016ccfb0_71, v000001c9016ccfb0_72;
v000001c9016ccfb0_73 .array/port v000001c9016ccfb0, 73;
v000001c9016ccfb0_74 .array/port v000001c9016ccfb0, 74;
v000001c9016ccfb0_75 .array/port v000001c9016ccfb0, 75;
v000001c9016ccfb0_76 .array/port v000001c9016ccfb0, 76;
E_000001c90169d040/35 .event anyedge, v000001c9016ccfb0_73, v000001c9016ccfb0_74, v000001c9016ccfb0_75, v000001c9016ccfb0_76;
v000001c9016ccfb0_77 .array/port v000001c9016ccfb0, 77;
v000001c9016ccfb0_78 .array/port v000001c9016ccfb0, 78;
v000001c9016ccfb0_79 .array/port v000001c9016ccfb0, 79;
v000001c9016ccfb0_80 .array/port v000001c9016ccfb0, 80;
E_000001c90169d040/36 .event anyedge, v000001c9016ccfb0_77, v000001c9016ccfb0_78, v000001c9016ccfb0_79, v000001c9016ccfb0_80;
v000001c9016ccfb0_81 .array/port v000001c9016ccfb0, 81;
v000001c9016ccfb0_82 .array/port v000001c9016ccfb0, 82;
v000001c9016ccfb0_83 .array/port v000001c9016ccfb0, 83;
v000001c9016ccfb0_84 .array/port v000001c9016ccfb0, 84;
E_000001c90169d040/37 .event anyedge, v000001c9016ccfb0_81, v000001c9016ccfb0_82, v000001c9016ccfb0_83, v000001c9016ccfb0_84;
v000001c9016ccfb0_85 .array/port v000001c9016ccfb0, 85;
v000001c9016ccfb0_86 .array/port v000001c9016ccfb0, 86;
v000001c9016ccfb0_87 .array/port v000001c9016ccfb0, 87;
v000001c9016ccfb0_88 .array/port v000001c9016ccfb0, 88;
E_000001c90169d040/38 .event anyedge, v000001c9016ccfb0_85, v000001c9016ccfb0_86, v000001c9016ccfb0_87, v000001c9016ccfb0_88;
v000001c9016ccfb0_89 .array/port v000001c9016ccfb0, 89;
v000001c9016ccfb0_90 .array/port v000001c9016ccfb0, 90;
v000001c9016ccfb0_91 .array/port v000001c9016ccfb0, 91;
v000001c9016ccfb0_92 .array/port v000001c9016ccfb0, 92;
E_000001c90169d040/39 .event anyedge, v000001c9016ccfb0_89, v000001c9016ccfb0_90, v000001c9016ccfb0_91, v000001c9016ccfb0_92;
v000001c9016ccfb0_93 .array/port v000001c9016ccfb0, 93;
v000001c9016ccfb0_94 .array/port v000001c9016ccfb0, 94;
v000001c9016ccfb0_95 .array/port v000001c9016ccfb0, 95;
v000001c9016ccfb0_96 .array/port v000001c9016ccfb0, 96;
E_000001c90169d040/40 .event anyedge, v000001c9016ccfb0_93, v000001c9016ccfb0_94, v000001c9016ccfb0_95, v000001c9016ccfb0_96;
v000001c9016ccfb0_97 .array/port v000001c9016ccfb0, 97;
v000001c9016ccfb0_98 .array/port v000001c9016ccfb0, 98;
v000001c9016ccfb0_99 .array/port v000001c9016ccfb0, 99;
v000001c9016ccfb0_100 .array/port v000001c9016ccfb0, 100;
E_000001c90169d040/41 .event anyedge, v000001c9016ccfb0_97, v000001c9016ccfb0_98, v000001c9016ccfb0_99, v000001c9016ccfb0_100;
v000001c9016ccfb0_101 .array/port v000001c9016ccfb0, 101;
v000001c9016ccfb0_102 .array/port v000001c9016ccfb0, 102;
v000001c9016ccfb0_103 .array/port v000001c9016ccfb0, 103;
v000001c9016ccfb0_104 .array/port v000001c9016ccfb0, 104;
E_000001c90169d040/42 .event anyedge, v000001c9016ccfb0_101, v000001c9016ccfb0_102, v000001c9016ccfb0_103, v000001c9016ccfb0_104;
v000001c9016ccfb0_105 .array/port v000001c9016ccfb0, 105;
v000001c9016ccfb0_106 .array/port v000001c9016ccfb0, 106;
v000001c9016ccfb0_107 .array/port v000001c9016ccfb0, 107;
v000001c9016ccfb0_108 .array/port v000001c9016ccfb0, 108;
E_000001c90169d040/43 .event anyedge, v000001c9016ccfb0_105, v000001c9016ccfb0_106, v000001c9016ccfb0_107, v000001c9016ccfb0_108;
v000001c9016ccfb0_109 .array/port v000001c9016ccfb0, 109;
v000001c9016ccfb0_110 .array/port v000001c9016ccfb0, 110;
v000001c9016ccfb0_111 .array/port v000001c9016ccfb0, 111;
v000001c9016ccfb0_112 .array/port v000001c9016ccfb0, 112;
E_000001c90169d040/44 .event anyedge, v000001c9016ccfb0_109, v000001c9016ccfb0_110, v000001c9016ccfb0_111, v000001c9016ccfb0_112;
v000001c9016ccfb0_113 .array/port v000001c9016ccfb0, 113;
v000001c9016ccfb0_114 .array/port v000001c9016ccfb0, 114;
v000001c9016ccfb0_115 .array/port v000001c9016ccfb0, 115;
v000001c9016ccfb0_116 .array/port v000001c9016ccfb0, 116;
E_000001c90169d040/45 .event anyedge, v000001c9016ccfb0_113, v000001c9016ccfb0_114, v000001c9016ccfb0_115, v000001c9016ccfb0_116;
v000001c9016ccfb0_117 .array/port v000001c9016ccfb0, 117;
v000001c9016ccfb0_118 .array/port v000001c9016ccfb0, 118;
v000001c9016ccfb0_119 .array/port v000001c9016ccfb0, 119;
v000001c9016ccfb0_120 .array/port v000001c9016ccfb0, 120;
E_000001c90169d040/46 .event anyedge, v000001c9016ccfb0_117, v000001c9016ccfb0_118, v000001c9016ccfb0_119, v000001c9016ccfb0_120;
v000001c9016ccfb0_121 .array/port v000001c9016ccfb0, 121;
v000001c9016ccfb0_122 .array/port v000001c9016ccfb0, 122;
v000001c9016ccfb0_123 .array/port v000001c9016ccfb0, 123;
v000001c9016ccfb0_124 .array/port v000001c9016ccfb0, 124;
E_000001c90169d040/47 .event anyedge, v000001c9016ccfb0_121, v000001c9016ccfb0_122, v000001c9016ccfb0_123, v000001c9016ccfb0_124;
v000001c9016ccfb0_125 .array/port v000001c9016ccfb0, 125;
v000001c9016ccfb0_126 .array/port v000001c9016ccfb0, 126;
v000001c9016ccfb0_127 .array/port v000001c9016ccfb0, 127;
v000001c9016ccfb0_128 .array/port v000001c9016ccfb0, 128;
E_000001c90169d040/48 .event anyedge, v000001c9016ccfb0_125, v000001c9016ccfb0_126, v000001c9016ccfb0_127, v000001c9016ccfb0_128;
v000001c9016ccfb0_129 .array/port v000001c9016ccfb0, 129;
v000001c9016ccfb0_130 .array/port v000001c9016ccfb0, 130;
v000001c9016ccfb0_131 .array/port v000001c9016ccfb0, 131;
v000001c9016ccfb0_132 .array/port v000001c9016ccfb0, 132;
E_000001c90169d040/49 .event anyedge, v000001c9016ccfb0_129, v000001c9016ccfb0_130, v000001c9016ccfb0_131, v000001c9016ccfb0_132;
v000001c9016ccfb0_133 .array/port v000001c9016ccfb0, 133;
v000001c9016ccfb0_134 .array/port v000001c9016ccfb0, 134;
v000001c9016ccfb0_135 .array/port v000001c9016ccfb0, 135;
v000001c9016ccfb0_136 .array/port v000001c9016ccfb0, 136;
E_000001c90169d040/50 .event anyedge, v000001c9016ccfb0_133, v000001c9016ccfb0_134, v000001c9016ccfb0_135, v000001c9016ccfb0_136;
v000001c9016ccfb0_137 .array/port v000001c9016ccfb0, 137;
v000001c9016ccfb0_138 .array/port v000001c9016ccfb0, 138;
v000001c9016ccfb0_139 .array/port v000001c9016ccfb0, 139;
v000001c9016ccfb0_140 .array/port v000001c9016ccfb0, 140;
E_000001c90169d040/51 .event anyedge, v000001c9016ccfb0_137, v000001c9016ccfb0_138, v000001c9016ccfb0_139, v000001c9016ccfb0_140;
v000001c9016ccfb0_141 .array/port v000001c9016ccfb0, 141;
v000001c9016ccfb0_142 .array/port v000001c9016ccfb0, 142;
v000001c9016ccfb0_143 .array/port v000001c9016ccfb0, 143;
v000001c9016ccfb0_144 .array/port v000001c9016ccfb0, 144;
E_000001c90169d040/52 .event anyedge, v000001c9016ccfb0_141, v000001c9016ccfb0_142, v000001c9016ccfb0_143, v000001c9016ccfb0_144;
v000001c9016ccfb0_145 .array/port v000001c9016ccfb0, 145;
v000001c9016ccfb0_146 .array/port v000001c9016ccfb0, 146;
v000001c9016ccfb0_147 .array/port v000001c9016ccfb0, 147;
v000001c9016ccfb0_148 .array/port v000001c9016ccfb0, 148;
E_000001c90169d040/53 .event anyedge, v000001c9016ccfb0_145, v000001c9016ccfb0_146, v000001c9016ccfb0_147, v000001c9016ccfb0_148;
v000001c9016ccfb0_149 .array/port v000001c9016ccfb0, 149;
v000001c9016ccfb0_150 .array/port v000001c9016ccfb0, 150;
v000001c9016ccfb0_151 .array/port v000001c9016ccfb0, 151;
v000001c9016ccfb0_152 .array/port v000001c9016ccfb0, 152;
E_000001c90169d040/54 .event anyedge, v000001c9016ccfb0_149, v000001c9016ccfb0_150, v000001c9016ccfb0_151, v000001c9016ccfb0_152;
v000001c9016ccfb0_153 .array/port v000001c9016ccfb0, 153;
v000001c9016ccfb0_154 .array/port v000001c9016ccfb0, 154;
v000001c9016ccfb0_155 .array/port v000001c9016ccfb0, 155;
v000001c9016ccfb0_156 .array/port v000001c9016ccfb0, 156;
E_000001c90169d040/55 .event anyedge, v000001c9016ccfb0_153, v000001c9016ccfb0_154, v000001c9016ccfb0_155, v000001c9016ccfb0_156;
v000001c9016ccfb0_157 .array/port v000001c9016ccfb0, 157;
v000001c9016ccfb0_158 .array/port v000001c9016ccfb0, 158;
v000001c9016ccfb0_159 .array/port v000001c9016ccfb0, 159;
v000001c9016ccfb0_160 .array/port v000001c9016ccfb0, 160;
E_000001c90169d040/56 .event anyedge, v000001c9016ccfb0_157, v000001c9016ccfb0_158, v000001c9016ccfb0_159, v000001c9016ccfb0_160;
v000001c9016ccfb0_161 .array/port v000001c9016ccfb0, 161;
v000001c9016ccfb0_162 .array/port v000001c9016ccfb0, 162;
v000001c9016ccfb0_163 .array/port v000001c9016ccfb0, 163;
v000001c9016ccfb0_164 .array/port v000001c9016ccfb0, 164;
E_000001c90169d040/57 .event anyedge, v000001c9016ccfb0_161, v000001c9016ccfb0_162, v000001c9016ccfb0_163, v000001c9016ccfb0_164;
v000001c9016ccfb0_165 .array/port v000001c9016ccfb0, 165;
v000001c9016ccfb0_166 .array/port v000001c9016ccfb0, 166;
v000001c9016ccfb0_167 .array/port v000001c9016ccfb0, 167;
v000001c9016ccfb0_168 .array/port v000001c9016ccfb0, 168;
E_000001c90169d040/58 .event anyedge, v000001c9016ccfb0_165, v000001c9016ccfb0_166, v000001c9016ccfb0_167, v000001c9016ccfb0_168;
v000001c9016ccfb0_169 .array/port v000001c9016ccfb0, 169;
v000001c9016ccfb0_170 .array/port v000001c9016ccfb0, 170;
v000001c9016ccfb0_171 .array/port v000001c9016ccfb0, 171;
v000001c9016ccfb0_172 .array/port v000001c9016ccfb0, 172;
E_000001c90169d040/59 .event anyedge, v000001c9016ccfb0_169, v000001c9016ccfb0_170, v000001c9016ccfb0_171, v000001c9016ccfb0_172;
v000001c9016ccfb0_173 .array/port v000001c9016ccfb0, 173;
v000001c9016ccfb0_174 .array/port v000001c9016ccfb0, 174;
v000001c9016ccfb0_175 .array/port v000001c9016ccfb0, 175;
v000001c9016ccfb0_176 .array/port v000001c9016ccfb0, 176;
E_000001c90169d040/60 .event anyedge, v000001c9016ccfb0_173, v000001c9016ccfb0_174, v000001c9016ccfb0_175, v000001c9016ccfb0_176;
v000001c9016ccfb0_177 .array/port v000001c9016ccfb0, 177;
v000001c9016ccfb0_178 .array/port v000001c9016ccfb0, 178;
v000001c9016ccfb0_179 .array/port v000001c9016ccfb0, 179;
v000001c9016ccfb0_180 .array/port v000001c9016ccfb0, 180;
E_000001c90169d040/61 .event anyedge, v000001c9016ccfb0_177, v000001c9016ccfb0_178, v000001c9016ccfb0_179, v000001c9016ccfb0_180;
v000001c9016ccfb0_181 .array/port v000001c9016ccfb0, 181;
v000001c9016ccfb0_182 .array/port v000001c9016ccfb0, 182;
v000001c9016ccfb0_183 .array/port v000001c9016ccfb0, 183;
v000001c9016ccfb0_184 .array/port v000001c9016ccfb0, 184;
E_000001c90169d040/62 .event anyedge, v000001c9016ccfb0_181, v000001c9016ccfb0_182, v000001c9016ccfb0_183, v000001c9016ccfb0_184;
v000001c9016ccfb0_185 .array/port v000001c9016ccfb0, 185;
v000001c9016ccfb0_186 .array/port v000001c9016ccfb0, 186;
v000001c9016ccfb0_187 .array/port v000001c9016ccfb0, 187;
v000001c9016ccfb0_188 .array/port v000001c9016ccfb0, 188;
E_000001c90169d040/63 .event anyedge, v000001c9016ccfb0_185, v000001c9016ccfb0_186, v000001c9016ccfb0_187, v000001c9016ccfb0_188;
v000001c9016ccfb0_189 .array/port v000001c9016ccfb0, 189;
v000001c9016ccfb0_190 .array/port v000001c9016ccfb0, 190;
v000001c9016ccfb0_191 .array/port v000001c9016ccfb0, 191;
v000001c9016ccfb0_192 .array/port v000001c9016ccfb0, 192;
E_000001c90169d040/64 .event anyedge, v000001c9016ccfb0_189, v000001c9016ccfb0_190, v000001c9016ccfb0_191, v000001c9016ccfb0_192;
v000001c9016ccfb0_193 .array/port v000001c9016ccfb0, 193;
v000001c9016ccfb0_194 .array/port v000001c9016ccfb0, 194;
v000001c9016ccfb0_195 .array/port v000001c9016ccfb0, 195;
v000001c9016ccfb0_196 .array/port v000001c9016ccfb0, 196;
E_000001c90169d040/65 .event anyedge, v000001c9016ccfb0_193, v000001c9016ccfb0_194, v000001c9016ccfb0_195, v000001c9016ccfb0_196;
v000001c9016ccfb0_197 .array/port v000001c9016ccfb0, 197;
v000001c9016ccfb0_198 .array/port v000001c9016ccfb0, 198;
v000001c9016ccfb0_199 .array/port v000001c9016ccfb0, 199;
v000001c9016ccfb0_200 .array/port v000001c9016ccfb0, 200;
E_000001c90169d040/66 .event anyedge, v000001c9016ccfb0_197, v000001c9016ccfb0_198, v000001c9016ccfb0_199, v000001c9016ccfb0_200;
v000001c9016ccfb0_201 .array/port v000001c9016ccfb0, 201;
v000001c9016ccfb0_202 .array/port v000001c9016ccfb0, 202;
v000001c9016ccfb0_203 .array/port v000001c9016ccfb0, 203;
v000001c9016ccfb0_204 .array/port v000001c9016ccfb0, 204;
E_000001c90169d040/67 .event anyedge, v000001c9016ccfb0_201, v000001c9016ccfb0_202, v000001c9016ccfb0_203, v000001c9016ccfb0_204;
v000001c9016ccfb0_205 .array/port v000001c9016ccfb0, 205;
v000001c9016ccfb0_206 .array/port v000001c9016ccfb0, 206;
v000001c9016ccfb0_207 .array/port v000001c9016ccfb0, 207;
v000001c9016ccfb0_208 .array/port v000001c9016ccfb0, 208;
E_000001c90169d040/68 .event anyedge, v000001c9016ccfb0_205, v000001c9016ccfb0_206, v000001c9016ccfb0_207, v000001c9016ccfb0_208;
v000001c9016ccfb0_209 .array/port v000001c9016ccfb0, 209;
v000001c9016ccfb0_210 .array/port v000001c9016ccfb0, 210;
v000001c9016ccfb0_211 .array/port v000001c9016ccfb0, 211;
v000001c9016ccfb0_212 .array/port v000001c9016ccfb0, 212;
E_000001c90169d040/69 .event anyedge, v000001c9016ccfb0_209, v000001c9016ccfb0_210, v000001c9016ccfb0_211, v000001c9016ccfb0_212;
v000001c9016ccfb0_213 .array/port v000001c9016ccfb0, 213;
v000001c9016ccfb0_214 .array/port v000001c9016ccfb0, 214;
v000001c9016ccfb0_215 .array/port v000001c9016ccfb0, 215;
v000001c9016ccfb0_216 .array/port v000001c9016ccfb0, 216;
E_000001c90169d040/70 .event anyedge, v000001c9016ccfb0_213, v000001c9016ccfb0_214, v000001c9016ccfb0_215, v000001c9016ccfb0_216;
v000001c9016ccfb0_217 .array/port v000001c9016ccfb0, 217;
v000001c9016ccfb0_218 .array/port v000001c9016ccfb0, 218;
v000001c9016ccfb0_219 .array/port v000001c9016ccfb0, 219;
v000001c9016ccfb0_220 .array/port v000001c9016ccfb0, 220;
E_000001c90169d040/71 .event anyedge, v000001c9016ccfb0_217, v000001c9016ccfb0_218, v000001c9016ccfb0_219, v000001c9016ccfb0_220;
v000001c9016ccfb0_221 .array/port v000001c9016ccfb0, 221;
v000001c9016ccfb0_222 .array/port v000001c9016ccfb0, 222;
v000001c9016ccfb0_223 .array/port v000001c9016ccfb0, 223;
v000001c9016ccfb0_224 .array/port v000001c9016ccfb0, 224;
E_000001c90169d040/72 .event anyedge, v000001c9016ccfb0_221, v000001c9016ccfb0_222, v000001c9016ccfb0_223, v000001c9016ccfb0_224;
v000001c9016ccfb0_225 .array/port v000001c9016ccfb0, 225;
v000001c9016ccfb0_226 .array/port v000001c9016ccfb0, 226;
v000001c9016ccfb0_227 .array/port v000001c9016ccfb0, 227;
v000001c9016ccfb0_228 .array/port v000001c9016ccfb0, 228;
E_000001c90169d040/73 .event anyedge, v000001c9016ccfb0_225, v000001c9016ccfb0_226, v000001c9016ccfb0_227, v000001c9016ccfb0_228;
v000001c9016ccfb0_229 .array/port v000001c9016ccfb0, 229;
v000001c9016ccfb0_230 .array/port v000001c9016ccfb0, 230;
v000001c9016ccfb0_231 .array/port v000001c9016ccfb0, 231;
v000001c9016ccfb0_232 .array/port v000001c9016ccfb0, 232;
E_000001c90169d040/74 .event anyedge, v000001c9016ccfb0_229, v000001c9016ccfb0_230, v000001c9016ccfb0_231, v000001c9016ccfb0_232;
v000001c9016ccfb0_233 .array/port v000001c9016ccfb0, 233;
v000001c9016ccfb0_234 .array/port v000001c9016ccfb0, 234;
v000001c9016ccfb0_235 .array/port v000001c9016ccfb0, 235;
v000001c9016ccfb0_236 .array/port v000001c9016ccfb0, 236;
E_000001c90169d040/75 .event anyedge, v000001c9016ccfb0_233, v000001c9016ccfb0_234, v000001c9016ccfb0_235, v000001c9016ccfb0_236;
v000001c9016ccfb0_237 .array/port v000001c9016ccfb0, 237;
v000001c9016ccfb0_238 .array/port v000001c9016ccfb0, 238;
v000001c9016ccfb0_239 .array/port v000001c9016ccfb0, 239;
v000001c9016ccfb0_240 .array/port v000001c9016ccfb0, 240;
E_000001c90169d040/76 .event anyedge, v000001c9016ccfb0_237, v000001c9016ccfb0_238, v000001c9016ccfb0_239, v000001c9016ccfb0_240;
v000001c9016ccfb0_241 .array/port v000001c9016ccfb0, 241;
v000001c9016ccfb0_242 .array/port v000001c9016ccfb0, 242;
v000001c9016ccfb0_243 .array/port v000001c9016ccfb0, 243;
v000001c9016ccfb0_244 .array/port v000001c9016ccfb0, 244;
E_000001c90169d040/77 .event anyedge, v000001c9016ccfb0_241, v000001c9016ccfb0_242, v000001c9016ccfb0_243, v000001c9016ccfb0_244;
v000001c9016ccfb0_245 .array/port v000001c9016ccfb0, 245;
v000001c9016ccfb0_246 .array/port v000001c9016ccfb0, 246;
v000001c9016ccfb0_247 .array/port v000001c9016ccfb0, 247;
v000001c9016ccfb0_248 .array/port v000001c9016ccfb0, 248;
E_000001c90169d040/78 .event anyedge, v000001c9016ccfb0_245, v000001c9016ccfb0_246, v000001c9016ccfb0_247, v000001c9016ccfb0_248;
v000001c9016ccfb0_249 .array/port v000001c9016ccfb0, 249;
v000001c9016ccfb0_250 .array/port v000001c9016ccfb0, 250;
v000001c9016ccfb0_251 .array/port v000001c9016ccfb0, 251;
v000001c9016ccfb0_252 .array/port v000001c9016ccfb0, 252;
E_000001c90169d040/79 .event anyedge, v000001c9016ccfb0_249, v000001c9016ccfb0_250, v000001c9016ccfb0_251, v000001c9016ccfb0_252;
v000001c9016ccfb0_253 .array/port v000001c9016ccfb0, 253;
v000001c9016ccfb0_254 .array/port v000001c9016ccfb0, 254;
v000001c9016ccfb0_255 .array/port v000001c9016ccfb0, 255;
v000001c9016ccfb0_256 .array/port v000001c9016ccfb0, 256;
E_000001c90169d040/80 .event anyedge, v000001c9016ccfb0_253, v000001c9016ccfb0_254, v000001c9016ccfb0_255, v000001c9016ccfb0_256;
v000001c9016ccfb0_257 .array/port v000001c9016ccfb0, 257;
v000001c9016ccfb0_258 .array/port v000001c9016ccfb0, 258;
v000001c9016ccfb0_259 .array/port v000001c9016ccfb0, 259;
v000001c9016ccfb0_260 .array/port v000001c9016ccfb0, 260;
E_000001c90169d040/81 .event anyedge, v000001c9016ccfb0_257, v000001c9016ccfb0_258, v000001c9016ccfb0_259, v000001c9016ccfb0_260;
v000001c9016ccfb0_261 .array/port v000001c9016ccfb0, 261;
v000001c9016ccfb0_262 .array/port v000001c9016ccfb0, 262;
v000001c9016ccfb0_263 .array/port v000001c9016ccfb0, 263;
v000001c9016ccfb0_264 .array/port v000001c9016ccfb0, 264;
E_000001c90169d040/82 .event anyedge, v000001c9016ccfb0_261, v000001c9016ccfb0_262, v000001c9016ccfb0_263, v000001c9016ccfb0_264;
v000001c9016ccfb0_265 .array/port v000001c9016ccfb0, 265;
v000001c9016ccfb0_266 .array/port v000001c9016ccfb0, 266;
v000001c9016ccfb0_267 .array/port v000001c9016ccfb0, 267;
v000001c9016ccfb0_268 .array/port v000001c9016ccfb0, 268;
E_000001c90169d040/83 .event anyedge, v000001c9016ccfb0_265, v000001c9016ccfb0_266, v000001c9016ccfb0_267, v000001c9016ccfb0_268;
v000001c9016ccfb0_269 .array/port v000001c9016ccfb0, 269;
v000001c9016ccfb0_270 .array/port v000001c9016ccfb0, 270;
v000001c9016ccfb0_271 .array/port v000001c9016ccfb0, 271;
v000001c9016ccfb0_272 .array/port v000001c9016ccfb0, 272;
E_000001c90169d040/84 .event anyedge, v000001c9016ccfb0_269, v000001c9016ccfb0_270, v000001c9016ccfb0_271, v000001c9016ccfb0_272;
v000001c9016ccfb0_273 .array/port v000001c9016ccfb0, 273;
v000001c9016ccfb0_274 .array/port v000001c9016ccfb0, 274;
v000001c9016ccfb0_275 .array/port v000001c9016ccfb0, 275;
v000001c9016ccfb0_276 .array/port v000001c9016ccfb0, 276;
E_000001c90169d040/85 .event anyedge, v000001c9016ccfb0_273, v000001c9016ccfb0_274, v000001c9016ccfb0_275, v000001c9016ccfb0_276;
v000001c9016ccfb0_277 .array/port v000001c9016ccfb0, 277;
v000001c9016ccfb0_278 .array/port v000001c9016ccfb0, 278;
v000001c9016ccfb0_279 .array/port v000001c9016ccfb0, 279;
v000001c9016ccfb0_280 .array/port v000001c9016ccfb0, 280;
E_000001c90169d040/86 .event anyedge, v000001c9016ccfb0_277, v000001c9016ccfb0_278, v000001c9016ccfb0_279, v000001c9016ccfb0_280;
v000001c9016ccfb0_281 .array/port v000001c9016ccfb0, 281;
v000001c9016ccfb0_282 .array/port v000001c9016ccfb0, 282;
v000001c9016ccfb0_283 .array/port v000001c9016ccfb0, 283;
v000001c9016ccfb0_284 .array/port v000001c9016ccfb0, 284;
E_000001c90169d040/87 .event anyedge, v000001c9016ccfb0_281, v000001c9016ccfb0_282, v000001c9016ccfb0_283, v000001c9016ccfb0_284;
v000001c9016ccfb0_285 .array/port v000001c9016ccfb0, 285;
v000001c9016ccfb0_286 .array/port v000001c9016ccfb0, 286;
v000001c9016ccfb0_287 .array/port v000001c9016ccfb0, 287;
v000001c9016ccfb0_288 .array/port v000001c9016ccfb0, 288;
E_000001c90169d040/88 .event anyedge, v000001c9016ccfb0_285, v000001c9016ccfb0_286, v000001c9016ccfb0_287, v000001c9016ccfb0_288;
v000001c9016ccfb0_289 .array/port v000001c9016ccfb0, 289;
v000001c9016ccfb0_290 .array/port v000001c9016ccfb0, 290;
v000001c9016ccfb0_291 .array/port v000001c9016ccfb0, 291;
v000001c9016ccfb0_292 .array/port v000001c9016ccfb0, 292;
E_000001c90169d040/89 .event anyedge, v000001c9016ccfb0_289, v000001c9016ccfb0_290, v000001c9016ccfb0_291, v000001c9016ccfb0_292;
v000001c9016ccfb0_293 .array/port v000001c9016ccfb0, 293;
v000001c9016ccfb0_294 .array/port v000001c9016ccfb0, 294;
v000001c9016ccfb0_295 .array/port v000001c9016ccfb0, 295;
v000001c9016ccfb0_296 .array/port v000001c9016ccfb0, 296;
E_000001c90169d040/90 .event anyedge, v000001c9016ccfb0_293, v000001c9016ccfb0_294, v000001c9016ccfb0_295, v000001c9016ccfb0_296;
v000001c9016ccfb0_297 .array/port v000001c9016ccfb0, 297;
v000001c9016ccfb0_298 .array/port v000001c9016ccfb0, 298;
v000001c9016ccfb0_299 .array/port v000001c9016ccfb0, 299;
v000001c9016ccfb0_300 .array/port v000001c9016ccfb0, 300;
E_000001c90169d040/91 .event anyedge, v000001c9016ccfb0_297, v000001c9016ccfb0_298, v000001c9016ccfb0_299, v000001c9016ccfb0_300;
v000001c9016ccfb0_301 .array/port v000001c9016ccfb0, 301;
v000001c9016ccfb0_302 .array/port v000001c9016ccfb0, 302;
v000001c9016ccfb0_303 .array/port v000001c9016ccfb0, 303;
v000001c9016ccfb0_304 .array/port v000001c9016ccfb0, 304;
E_000001c90169d040/92 .event anyedge, v000001c9016ccfb0_301, v000001c9016ccfb0_302, v000001c9016ccfb0_303, v000001c9016ccfb0_304;
v000001c9016ccfb0_305 .array/port v000001c9016ccfb0, 305;
v000001c9016ccfb0_306 .array/port v000001c9016ccfb0, 306;
v000001c9016ccfb0_307 .array/port v000001c9016ccfb0, 307;
v000001c9016ccfb0_308 .array/port v000001c9016ccfb0, 308;
E_000001c90169d040/93 .event anyedge, v000001c9016ccfb0_305, v000001c9016ccfb0_306, v000001c9016ccfb0_307, v000001c9016ccfb0_308;
v000001c9016ccfb0_309 .array/port v000001c9016ccfb0, 309;
v000001c9016ccfb0_310 .array/port v000001c9016ccfb0, 310;
v000001c9016ccfb0_311 .array/port v000001c9016ccfb0, 311;
v000001c9016ccfb0_312 .array/port v000001c9016ccfb0, 312;
E_000001c90169d040/94 .event anyedge, v000001c9016ccfb0_309, v000001c9016ccfb0_310, v000001c9016ccfb0_311, v000001c9016ccfb0_312;
v000001c9016ccfb0_313 .array/port v000001c9016ccfb0, 313;
v000001c9016ccfb0_314 .array/port v000001c9016ccfb0, 314;
v000001c9016ccfb0_315 .array/port v000001c9016ccfb0, 315;
v000001c9016ccfb0_316 .array/port v000001c9016ccfb0, 316;
E_000001c90169d040/95 .event anyedge, v000001c9016ccfb0_313, v000001c9016ccfb0_314, v000001c9016ccfb0_315, v000001c9016ccfb0_316;
v000001c9016ccfb0_317 .array/port v000001c9016ccfb0, 317;
v000001c9016ccfb0_318 .array/port v000001c9016ccfb0, 318;
v000001c9016ccfb0_319 .array/port v000001c9016ccfb0, 319;
v000001c9016ccfb0_320 .array/port v000001c9016ccfb0, 320;
E_000001c90169d040/96 .event anyedge, v000001c9016ccfb0_317, v000001c9016ccfb0_318, v000001c9016ccfb0_319, v000001c9016ccfb0_320;
v000001c9016ccfb0_321 .array/port v000001c9016ccfb0, 321;
v000001c9016ccfb0_322 .array/port v000001c9016ccfb0, 322;
v000001c9016ccfb0_323 .array/port v000001c9016ccfb0, 323;
v000001c9016ccfb0_324 .array/port v000001c9016ccfb0, 324;
E_000001c90169d040/97 .event anyedge, v000001c9016ccfb0_321, v000001c9016ccfb0_322, v000001c9016ccfb0_323, v000001c9016ccfb0_324;
v000001c9016ccfb0_325 .array/port v000001c9016ccfb0, 325;
v000001c9016ccfb0_326 .array/port v000001c9016ccfb0, 326;
v000001c9016ccfb0_327 .array/port v000001c9016ccfb0, 327;
v000001c9016ccfb0_328 .array/port v000001c9016ccfb0, 328;
E_000001c90169d040/98 .event anyedge, v000001c9016ccfb0_325, v000001c9016ccfb0_326, v000001c9016ccfb0_327, v000001c9016ccfb0_328;
v000001c9016ccfb0_329 .array/port v000001c9016ccfb0, 329;
v000001c9016ccfb0_330 .array/port v000001c9016ccfb0, 330;
v000001c9016ccfb0_331 .array/port v000001c9016ccfb0, 331;
v000001c9016ccfb0_332 .array/port v000001c9016ccfb0, 332;
E_000001c90169d040/99 .event anyedge, v000001c9016ccfb0_329, v000001c9016ccfb0_330, v000001c9016ccfb0_331, v000001c9016ccfb0_332;
v000001c9016ccfb0_333 .array/port v000001c9016ccfb0, 333;
v000001c9016ccfb0_334 .array/port v000001c9016ccfb0, 334;
v000001c9016ccfb0_335 .array/port v000001c9016ccfb0, 335;
v000001c9016ccfb0_336 .array/port v000001c9016ccfb0, 336;
E_000001c90169d040/100 .event anyedge, v000001c9016ccfb0_333, v000001c9016ccfb0_334, v000001c9016ccfb0_335, v000001c9016ccfb0_336;
v000001c9016ccfb0_337 .array/port v000001c9016ccfb0, 337;
v000001c9016ccfb0_338 .array/port v000001c9016ccfb0, 338;
v000001c9016ccfb0_339 .array/port v000001c9016ccfb0, 339;
v000001c9016ccfb0_340 .array/port v000001c9016ccfb0, 340;
E_000001c90169d040/101 .event anyedge, v000001c9016ccfb0_337, v000001c9016ccfb0_338, v000001c9016ccfb0_339, v000001c9016ccfb0_340;
v000001c9016ccfb0_341 .array/port v000001c9016ccfb0, 341;
v000001c9016ccfb0_342 .array/port v000001c9016ccfb0, 342;
v000001c9016ccfb0_343 .array/port v000001c9016ccfb0, 343;
v000001c9016ccfb0_344 .array/port v000001c9016ccfb0, 344;
E_000001c90169d040/102 .event anyedge, v000001c9016ccfb0_341, v000001c9016ccfb0_342, v000001c9016ccfb0_343, v000001c9016ccfb0_344;
v000001c9016ccfb0_345 .array/port v000001c9016ccfb0, 345;
v000001c9016ccfb0_346 .array/port v000001c9016ccfb0, 346;
v000001c9016ccfb0_347 .array/port v000001c9016ccfb0, 347;
v000001c9016ccfb0_348 .array/port v000001c9016ccfb0, 348;
E_000001c90169d040/103 .event anyedge, v000001c9016ccfb0_345, v000001c9016ccfb0_346, v000001c9016ccfb0_347, v000001c9016ccfb0_348;
v000001c9016ccfb0_349 .array/port v000001c9016ccfb0, 349;
v000001c9016ccfb0_350 .array/port v000001c9016ccfb0, 350;
v000001c9016ccfb0_351 .array/port v000001c9016ccfb0, 351;
v000001c9016ccfb0_352 .array/port v000001c9016ccfb0, 352;
E_000001c90169d040/104 .event anyedge, v000001c9016ccfb0_349, v000001c9016ccfb0_350, v000001c9016ccfb0_351, v000001c9016ccfb0_352;
v000001c9016ccfb0_353 .array/port v000001c9016ccfb0, 353;
v000001c9016ccfb0_354 .array/port v000001c9016ccfb0, 354;
v000001c9016ccfb0_355 .array/port v000001c9016ccfb0, 355;
v000001c9016ccfb0_356 .array/port v000001c9016ccfb0, 356;
E_000001c90169d040/105 .event anyedge, v000001c9016ccfb0_353, v000001c9016ccfb0_354, v000001c9016ccfb0_355, v000001c9016ccfb0_356;
v000001c9016ccfb0_357 .array/port v000001c9016ccfb0, 357;
v000001c9016ccfb0_358 .array/port v000001c9016ccfb0, 358;
v000001c9016ccfb0_359 .array/port v000001c9016ccfb0, 359;
v000001c9016ccfb0_360 .array/port v000001c9016ccfb0, 360;
E_000001c90169d040/106 .event anyedge, v000001c9016ccfb0_357, v000001c9016ccfb0_358, v000001c9016ccfb0_359, v000001c9016ccfb0_360;
v000001c9016ccfb0_361 .array/port v000001c9016ccfb0, 361;
v000001c9016ccfb0_362 .array/port v000001c9016ccfb0, 362;
v000001c9016ccfb0_363 .array/port v000001c9016ccfb0, 363;
v000001c9016ccfb0_364 .array/port v000001c9016ccfb0, 364;
E_000001c90169d040/107 .event anyedge, v000001c9016ccfb0_361, v000001c9016ccfb0_362, v000001c9016ccfb0_363, v000001c9016ccfb0_364;
v000001c9016ccfb0_365 .array/port v000001c9016ccfb0, 365;
v000001c9016ccfb0_366 .array/port v000001c9016ccfb0, 366;
v000001c9016ccfb0_367 .array/port v000001c9016ccfb0, 367;
v000001c9016ccfb0_368 .array/port v000001c9016ccfb0, 368;
E_000001c90169d040/108 .event anyedge, v000001c9016ccfb0_365, v000001c9016ccfb0_366, v000001c9016ccfb0_367, v000001c9016ccfb0_368;
v000001c9016ccfb0_369 .array/port v000001c9016ccfb0, 369;
v000001c9016ccfb0_370 .array/port v000001c9016ccfb0, 370;
v000001c9016ccfb0_371 .array/port v000001c9016ccfb0, 371;
v000001c9016ccfb0_372 .array/port v000001c9016ccfb0, 372;
E_000001c90169d040/109 .event anyedge, v000001c9016ccfb0_369, v000001c9016ccfb0_370, v000001c9016ccfb0_371, v000001c9016ccfb0_372;
v000001c9016ccfb0_373 .array/port v000001c9016ccfb0, 373;
v000001c9016ccfb0_374 .array/port v000001c9016ccfb0, 374;
v000001c9016ccfb0_375 .array/port v000001c9016ccfb0, 375;
v000001c9016ccfb0_376 .array/port v000001c9016ccfb0, 376;
E_000001c90169d040/110 .event anyedge, v000001c9016ccfb0_373, v000001c9016ccfb0_374, v000001c9016ccfb0_375, v000001c9016ccfb0_376;
v000001c9016ccfb0_377 .array/port v000001c9016ccfb0, 377;
v000001c9016ccfb0_378 .array/port v000001c9016ccfb0, 378;
v000001c9016ccfb0_379 .array/port v000001c9016ccfb0, 379;
v000001c9016ccfb0_380 .array/port v000001c9016ccfb0, 380;
E_000001c90169d040/111 .event anyedge, v000001c9016ccfb0_377, v000001c9016ccfb0_378, v000001c9016ccfb0_379, v000001c9016ccfb0_380;
v000001c9016ccfb0_381 .array/port v000001c9016ccfb0, 381;
v000001c9016ccfb0_382 .array/port v000001c9016ccfb0, 382;
v000001c9016ccfb0_383 .array/port v000001c9016ccfb0, 383;
v000001c9016ccfb0_384 .array/port v000001c9016ccfb0, 384;
E_000001c90169d040/112 .event anyedge, v000001c9016ccfb0_381, v000001c9016ccfb0_382, v000001c9016ccfb0_383, v000001c9016ccfb0_384;
v000001c9016ccfb0_385 .array/port v000001c9016ccfb0, 385;
v000001c9016ccfb0_386 .array/port v000001c9016ccfb0, 386;
v000001c9016ccfb0_387 .array/port v000001c9016ccfb0, 387;
v000001c9016ccfb0_388 .array/port v000001c9016ccfb0, 388;
E_000001c90169d040/113 .event anyedge, v000001c9016ccfb0_385, v000001c9016ccfb0_386, v000001c9016ccfb0_387, v000001c9016ccfb0_388;
v000001c9016ccfb0_389 .array/port v000001c9016ccfb0, 389;
v000001c9016ccfb0_390 .array/port v000001c9016ccfb0, 390;
v000001c9016ccfb0_391 .array/port v000001c9016ccfb0, 391;
v000001c9016ccfb0_392 .array/port v000001c9016ccfb0, 392;
E_000001c90169d040/114 .event anyedge, v000001c9016ccfb0_389, v000001c9016ccfb0_390, v000001c9016ccfb0_391, v000001c9016ccfb0_392;
v000001c9016ccfb0_393 .array/port v000001c9016ccfb0, 393;
v000001c9016ccfb0_394 .array/port v000001c9016ccfb0, 394;
v000001c9016ccfb0_395 .array/port v000001c9016ccfb0, 395;
v000001c9016ccfb0_396 .array/port v000001c9016ccfb0, 396;
E_000001c90169d040/115 .event anyedge, v000001c9016ccfb0_393, v000001c9016ccfb0_394, v000001c9016ccfb0_395, v000001c9016ccfb0_396;
v000001c9016ccfb0_397 .array/port v000001c9016ccfb0, 397;
v000001c9016ccfb0_398 .array/port v000001c9016ccfb0, 398;
v000001c9016ccfb0_399 .array/port v000001c9016ccfb0, 399;
v000001c9016ccfb0_400 .array/port v000001c9016ccfb0, 400;
E_000001c90169d040/116 .event anyedge, v000001c9016ccfb0_397, v000001c9016ccfb0_398, v000001c9016ccfb0_399, v000001c9016ccfb0_400;
v000001c9016ccfb0_401 .array/port v000001c9016ccfb0, 401;
v000001c9016ccfb0_402 .array/port v000001c9016ccfb0, 402;
v000001c9016ccfb0_403 .array/port v000001c9016ccfb0, 403;
v000001c9016ccfb0_404 .array/port v000001c9016ccfb0, 404;
E_000001c90169d040/117 .event anyedge, v000001c9016ccfb0_401, v000001c9016ccfb0_402, v000001c9016ccfb0_403, v000001c9016ccfb0_404;
v000001c9016ccfb0_405 .array/port v000001c9016ccfb0, 405;
v000001c9016ccfb0_406 .array/port v000001c9016ccfb0, 406;
v000001c9016ccfb0_407 .array/port v000001c9016ccfb0, 407;
v000001c9016ccfb0_408 .array/port v000001c9016ccfb0, 408;
E_000001c90169d040/118 .event anyedge, v000001c9016ccfb0_405, v000001c9016ccfb0_406, v000001c9016ccfb0_407, v000001c9016ccfb0_408;
v000001c9016ccfb0_409 .array/port v000001c9016ccfb0, 409;
v000001c9016ccfb0_410 .array/port v000001c9016ccfb0, 410;
v000001c9016ccfb0_411 .array/port v000001c9016ccfb0, 411;
v000001c9016ccfb0_412 .array/port v000001c9016ccfb0, 412;
E_000001c90169d040/119 .event anyedge, v000001c9016ccfb0_409, v000001c9016ccfb0_410, v000001c9016ccfb0_411, v000001c9016ccfb0_412;
v000001c9016ccfb0_413 .array/port v000001c9016ccfb0, 413;
v000001c9016ccfb0_414 .array/port v000001c9016ccfb0, 414;
v000001c9016ccfb0_415 .array/port v000001c9016ccfb0, 415;
v000001c9016ccfb0_416 .array/port v000001c9016ccfb0, 416;
E_000001c90169d040/120 .event anyedge, v000001c9016ccfb0_413, v000001c9016ccfb0_414, v000001c9016ccfb0_415, v000001c9016ccfb0_416;
v000001c9016ccfb0_417 .array/port v000001c9016ccfb0, 417;
v000001c9016ccfb0_418 .array/port v000001c9016ccfb0, 418;
v000001c9016ccfb0_419 .array/port v000001c9016ccfb0, 419;
v000001c9016ccfb0_420 .array/port v000001c9016ccfb0, 420;
E_000001c90169d040/121 .event anyedge, v000001c9016ccfb0_417, v000001c9016ccfb0_418, v000001c9016ccfb0_419, v000001c9016ccfb0_420;
v000001c9016ccfb0_421 .array/port v000001c9016ccfb0, 421;
v000001c9016ccfb0_422 .array/port v000001c9016ccfb0, 422;
v000001c9016ccfb0_423 .array/port v000001c9016ccfb0, 423;
v000001c9016ccfb0_424 .array/port v000001c9016ccfb0, 424;
E_000001c90169d040/122 .event anyedge, v000001c9016ccfb0_421, v000001c9016ccfb0_422, v000001c9016ccfb0_423, v000001c9016ccfb0_424;
v000001c9016ccfb0_425 .array/port v000001c9016ccfb0, 425;
v000001c9016ccfb0_426 .array/port v000001c9016ccfb0, 426;
v000001c9016ccfb0_427 .array/port v000001c9016ccfb0, 427;
v000001c9016ccfb0_428 .array/port v000001c9016ccfb0, 428;
E_000001c90169d040/123 .event anyedge, v000001c9016ccfb0_425, v000001c9016ccfb0_426, v000001c9016ccfb0_427, v000001c9016ccfb0_428;
v000001c9016ccfb0_429 .array/port v000001c9016ccfb0, 429;
v000001c9016ccfb0_430 .array/port v000001c9016ccfb0, 430;
v000001c9016ccfb0_431 .array/port v000001c9016ccfb0, 431;
v000001c9016ccfb0_432 .array/port v000001c9016ccfb0, 432;
E_000001c90169d040/124 .event anyedge, v000001c9016ccfb0_429, v000001c9016ccfb0_430, v000001c9016ccfb0_431, v000001c9016ccfb0_432;
v000001c9016ccfb0_433 .array/port v000001c9016ccfb0, 433;
v000001c9016ccfb0_434 .array/port v000001c9016ccfb0, 434;
v000001c9016ccfb0_435 .array/port v000001c9016ccfb0, 435;
v000001c9016ccfb0_436 .array/port v000001c9016ccfb0, 436;
E_000001c90169d040/125 .event anyedge, v000001c9016ccfb0_433, v000001c9016ccfb0_434, v000001c9016ccfb0_435, v000001c9016ccfb0_436;
v000001c9016ccfb0_437 .array/port v000001c9016ccfb0, 437;
v000001c9016ccfb0_438 .array/port v000001c9016ccfb0, 438;
v000001c9016ccfb0_439 .array/port v000001c9016ccfb0, 439;
v000001c9016ccfb0_440 .array/port v000001c9016ccfb0, 440;
E_000001c90169d040/126 .event anyedge, v000001c9016ccfb0_437, v000001c9016ccfb0_438, v000001c9016ccfb0_439, v000001c9016ccfb0_440;
v000001c9016ccfb0_441 .array/port v000001c9016ccfb0, 441;
v000001c9016ccfb0_442 .array/port v000001c9016ccfb0, 442;
v000001c9016ccfb0_443 .array/port v000001c9016ccfb0, 443;
v000001c9016ccfb0_444 .array/port v000001c9016ccfb0, 444;
E_000001c90169d040/127 .event anyedge, v000001c9016ccfb0_441, v000001c9016ccfb0_442, v000001c9016ccfb0_443, v000001c9016ccfb0_444;
v000001c9016ccfb0_445 .array/port v000001c9016ccfb0, 445;
v000001c9016ccfb0_446 .array/port v000001c9016ccfb0, 446;
v000001c9016ccfb0_447 .array/port v000001c9016ccfb0, 447;
v000001c9016ccfb0_448 .array/port v000001c9016ccfb0, 448;
E_000001c90169d040/128 .event anyedge, v000001c9016ccfb0_445, v000001c9016ccfb0_446, v000001c9016ccfb0_447, v000001c9016ccfb0_448;
v000001c9016ccfb0_449 .array/port v000001c9016ccfb0, 449;
v000001c9016ccfb0_450 .array/port v000001c9016ccfb0, 450;
v000001c9016ccfb0_451 .array/port v000001c9016ccfb0, 451;
v000001c9016ccfb0_452 .array/port v000001c9016ccfb0, 452;
E_000001c90169d040/129 .event anyedge, v000001c9016ccfb0_449, v000001c9016ccfb0_450, v000001c9016ccfb0_451, v000001c9016ccfb0_452;
v000001c9016ccfb0_453 .array/port v000001c9016ccfb0, 453;
v000001c9016ccfb0_454 .array/port v000001c9016ccfb0, 454;
v000001c9016ccfb0_455 .array/port v000001c9016ccfb0, 455;
v000001c9016ccfb0_456 .array/port v000001c9016ccfb0, 456;
E_000001c90169d040/130 .event anyedge, v000001c9016ccfb0_453, v000001c9016ccfb0_454, v000001c9016ccfb0_455, v000001c9016ccfb0_456;
v000001c9016ccfb0_457 .array/port v000001c9016ccfb0, 457;
v000001c9016ccfb0_458 .array/port v000001c9016ccfb0, 458;
v000001c9016ccfb0_459 .array/port v000001c9016ccfb0, 459;
v000001c9016ccfb0_460 .array/port v000001c9016ccfb0, 460;
E_000001c90169d040/131 .event anyedge, v000001c9016ccfb0_457, v000001c9016ccfb0_458, v000001c9016ccfb0_459, v000001c9016ccfb0_460;
v000001c9016ccfb0_461 .array/port v000001c9016ccfb0, 461;
v000001c9016ccfb0_462 .array/port v000001c9016ccfb0, 462;
v000001c9016ccfb0_463 .array/port v000001c9016ccfb0, 463;
v000001c9016ccfb0_464 .array/port v000001c9016ccfb0, 464;
E_000001c90169d040/132 .event anyedge, v000001c9016ccfb0_461, v000001c9016ccfb0_462, v000001c9016ccfb0_463, v000001c9016ccfb0_464;
v000001c9016ccfb0_465 .array/port v000001c9016ccfb0, 465;
v000001c9016ccfb0_466 .array/port v000001c9016ccfb0, 466;
v000001c9016ccfb0_467 .array/port v000001c9016ccfb0, 467;
v000001c9016ccfb0_468 .array/port v000001c9016ccfb0, 468;
E_000001c90169d040/133 .event anyedge, v000001c9016ccfb0_465, v000001c9016ccfb0_466, v000001c9016ccfb0_467, v000001c9016ccfb0_468;
v000001c9016ccfb0_469 .array/port v000001c9016ccfb0, 469;
v000001c9016ccfb0_470 .array/port v000001c9016ccfb0, 470;
v000001c9016ccfb0_471 .array/port v000001c9016ccfb0, 471;
v000001c9016ccfb0_472 .array/port v000001c9016ccfb0, 472;
E_000001c90169d040/134 .event anyedge, v000001c9016ccfb0_469, v000001c9016ccfb0_470, v000001c9016ccfb0_471, v000001c9016ccfb0_472;
v000001c9016ccfb0_473 .array/port v000001c9016ccfb0, 473;
v000001c9016ccfb0_474 .array/port v000001c9016ccfb0, 474;
v000001c9016ccfb0_475 .array/port v000001c9016ccfb0, 475;
v000001c9016ccfb0_476 .array/port v000001c9016ccfb0, 476;
E_000001c90169d040/135 .event anyedge, v000001c9016ccfb0_473, v000001c9016ccfb0_474, v000001c9016ccfb0_475, v000001c9016ccfb0_476;
v000001c9016ccfb0_477 .array/port v000001c9016ccfb0, 477;
v000001c9016ccfb0_478 .array/port v000001c9016ccfb0, 478;
v000001c9016ccfb0_479 .array/port v000001c9016ccfb0, 479;
v000001c9016ccfb0_480 .array/port v000001c9016ccfb0, 480;
E_000001c90169d040/136 .event anyedge, v000001c9016ccfb0_477, v000001c9016ccfb0_478, v000001c9016ccfb0_479, v000001c9016ccfb0_480;
v000001c9016ccfb0_481 .array/port v000001c9016ccfb0, 481;
v000001c9016ccfb0_482 .array/port v000001c9016ccfb0, 482;
v000001c9016ccfb0_483 .array/port v000001c9016ccfb0, 483;
v000001c9016ccfb0_484 .array/port v000001c9016ccfb0, 484;
E_000001c90169d040/137 .event anyedge, v000001c9016ccfb0_481, v000001c9016ccfb0_482, v000001c9016ccfb0_483, v000001c9016ccfb0_484;
v000001c9016ccfb0_485 .array/port v000001c9016ccfb0, 485;
v000001c9016ccfb0_486 .array/port v000001c9016ccfb0, 486;
v000001c9016ccfb0_487 .array/port v000001c9016ccfb0, 487;
v000001c9016ccfb0_488 .array/port v000001c9016ccfb0, 488;
E_000001c90169d040/138 .event anyedge, v000001c9016ccfb0_485, v000001c9016ccfb0_486, v000001c9016ccfb0_487, v000001c9016ccfb0_488;
v000001c9016ccfb0_489 .array/port v000001c9016ccfb0, 489;
v000001c9016ccfb0_490 .array/port v000001c9016ccfb0, 490;
v000001c9016ccfb0_491 .array/port v000001c9016ccfb0, 491;
v000001c9016ccfb0_492 .array/port v000001c9016ccfb0, 492;
E_000001c90169d040/139 .event anyedge, v000001c9016ccfb0_489, v000001c9016ccfb0_490, v000001c9016ccfb0_491, v000001c9016ccfb0_492;
v000001c9016ccfb0_493 .array/port v000001c9016ccfb0, 493;
v000001c9016ccfb0_494 .array/port v000001c9016ccfb0, 494;
v000001c9016ccfb0_495 .array/port v000001c9016ccfb0, 495;
v000001c9016ccfb0_496 .array/port v000001c9016ccfb0, 496;
E_000001c90169d040/140 .event anyedge, v000001c9016ccfb0_493, v000001c9016ccfb0_494, v000001c9016ccfb0_495, v000001c9016ccfb0_496;
v000001c9016ccfb0_497 .array/port v000001c9016ccfb0, 497;
v000001c9016ccfb0_498 .array/port v000001c9016ccfb0, 498;
v000001c9016ccfb0_499 .array/port v000001c9016ccfb0, 499;
v000001c9016ccfb0_500 .array/port v000001c9016ccfb0, 500;
E_000001c90169d040/141 .event anyedge, v000001c9016ccfb0_497, v000001c9016ccfb0_498, v000001c9016ccfb0_499, v000001c9016ccfb0_500;
v000001c9016ccfb0_501 .array/port v000001c9016ccfb0, 501;
v000001c9016ccfb0_502 .array/port v000001c9016ccfb0, 502;
v000001c9016ccfb0_503 .array/port v000001c9016ccfb0, 503;
v000001c9016ccfb0_504 .array/port v000001c9016ccfb0, 504;
E_000001c90169d040/142 .event anyedge, v000001c9016ccfb0_501, v000001c9016ccfb0_502, v000001c9016ccfb0_503, v000001c9016ccfb0_504;
v000001c9016ccfb0_505 .array/port v000001c9016ccfb0, 505;
v000001c9016ccfb0_506 .array/port v000001c9016ccfb0, 506;
v000001c9016ccfb0_507 .array/port v000001c9016ccfb0, 507;
v000001c9016ccfb0_508 .array/port v000001c9016ccfb0, 508;
E_000001c90169d040/143 .event anyedge, v000001c9016ccfb0_505, v000001c9016ccfb0_506, v000001c9016ccfb0_507, v000001c9016ccfb0_508;
v000001c9016ccfb0_509 .array/port v000001c9016ccfb0, 509;
v000001c9016ccfb0_510 .array/port v000001c9016ccfb0, 510;
v000001c9016ccfb0_511 .array/port v000001c9016ccfb0, 511;
v000001c9016ccfb0_512 .array/port v000001c9016ccfb0, 512;
E_000001c90169d040/144 .event anyedge, v000001c9016ccfb0_509, v000001c9016ccfb0_510, v000001c9016ccfb0_511, v000001c9016ccfb0_512;
v000001c9016ccfb0_513 .array/port v000001c9016ccfb0, 513;
v000001c9016ccfb0_514 .array/port v000001c9016ccfb0, 514;
v000001c9016ccfb0_515 .array/port v000001c9016ccfb0, 515;
v000001c9016ccfb0_516 .array/port v000001c9016ccfb0, 516;
E_000001c90169d040/145 .event anyedge, v000001c9016ccfb0_513, v000001c9016ccfb0_514, v000001c9016ccfb0_515, v000001c9016ccfb0_516;
v000001c9016ccfb0_517 .array/port v000001c9016ccfb0, 517;
v000001c9016ccfb0_518 .array/port v000001c9016ccfb0, 518;
v000001c9016ccfb0_519 .array/port v000001c9016ccfb0, 519;
v000001c9016ccfb0_520 .array/port v000001c9016ccfb0, 520;
E_000001c90169d040/146 .event anyedge, v000001c9016ccfb0_517, v000001c9016ccfb0_518, v000001c9016ccfb0_519, v000001c9016ccfb0_520;
v000001c9016ccfb0_521 .array/port v000001c9016ccfb0, 521;
v000001c9016ccfb0_522 .array/port v000001c9016ccfb0, 522;
v000001c9016ccfb0_523 .array/port v000001c9016ccfb0, 523;
v000001c9016ccfb0_524 .array/port v000001c9016ccfb0, 524;
E_000001c90169d040/147 .event anyedge, v000001c9016ccfb0_521, v000001c9016ccfb0_522, v000001c9016ccfb0_523, v000001c9016ccfb0_524;
v000001c9016ccfb0_525 .array/port v000001c9016ccfb0, 525;
v000001c9016ccfb0_526 .array/port v000001c9016ccfb0, 526;
v000001c9016ccfb0_527 .array/port v000001c9016ccfb0, 527;
v000001c9016ccfb0_528 .array/port v000001c9016ccfb0, 528;
E_000001c90169d040/148 .event anyedge, v000001c9016ccfb0_525, v000001c9016ccfb0_526, v000001c9016ccfb0_527, v000001c9016ccfb0_528;
v000001c9016ccfb0_529 .array/port v000001c9016ccfb0, 529;
v000001c9016ccfb0_530 .array/port v000001c9016ccfb0, 530;
v000001c9016ccfb0_531 .array/port v000001c9016ccfb0, 531;
v000001c9016ccfb0_532 .array/port v000001c9016ccfb0, 532;
E_000001c90169d040/149 .event anyedge, v000001c9016ccfb0_529, v000001c9016ccfb0_530, v000001c9016ccfb0_531, v000001c9016ccfb0_532;
v000001c9016ccfb0_533 .array/port v000001c9016ccfb0, 533;
v000001c9016ccfb0_534 .array/port v000001c9016ccfb0, 534;
v000001c9016ccfb0_535 .array/port v000001c9016ccfb0, 535;
v000001c9016ccfb0_536 .array/port v000001c9016ccfb0, 536;
E_000001c90169d040/150 .event anyedge, v000001c9016ccfb0_533, v000001c9016ccfb0_534, v000001c9016ccfb0_535, v000001c9016ccfb0_536;
v000001c9016ccfb0_537 .array/port v000001c9016ccfb0, 537;
v000001c9016ccfb0_538 .array/port v000001c9016ccfb0, 538;
v000001c9016ccfb0_539 .array/port v000001c9016ccfb0, 539;
v000001c9016ccfb0_540 .array/port v000001c9016ccfb0, 540;
E_000001c90169d040/151 .event anyedge, v000001c9016ccfb0_537, v000001c9016ccfb0_538, v000001c9016ccfb0_539, v000001c9016ccfb0_540;
v000001c9016ccfb0_541 .array/port v000001c9016ccfb0, 541;
v000001c9016ccfb0_542 .array/port v000001c9016ccfb0, 542;
v000001c9016ccfb0_543 .array/port v000001c9016ccfb0, 543;
v000001c9016ccfb0_544 .array/port v000001c9016ccfb0, 544;
E_000001c90169d040/152 .event anyedge, v000001c9016ccfb0_541, v000001c9016ccfb0_542, v000001c9016ccfb0_543, v000001c9016ccfb0_544;
v000001c9016ccfb0_545 .array/port v000001c9016ccfb0, 545;
v000001c9016ccfb0_546 .array/port v000001c9016ccfb0, 546;
v000001c9016ccfb0_547 .array/port v000001c9016ccfb0, 547;
v000001c9016ccfb0_548 .array/port v000001c9016ccfb0, 548;
E_000001c90169d040/153 .event anyedge, v000001c9016ccfb0_545, v000001c9016ccfb0_546, v000001c9016ccfb0_547, v000001c9016ccfb0_548;
v000001c9016ccfb0_549 .array/port v000001c9016ccfb0, 549;
v000001c9016ccfb0_550 .array/port v000001c9016ccfb0, 550;
v000001c9016ccfb0_551 .array/port v000001c9016ccfb0, 551;
v000001c9016ccfb0_552 .array/port v000001c9016ccfb0, 552;
E_000001c90169d040/154 .event anyedge, v000001c9016ccfb0_549, v000001c9016ccfb0_550, v000001c9016ccfb0_551, v000001c9016ccfb0_552;
v000001c9016ccfb0_553 .array/port v000001c9016ccfb0, 553;
v000001c9016ccfb0_554 .array/port v000001c9016ccfb0, 554;
v000001c9016ccfb0_555 .array/port v000001c9016ccfb0, 555;
v000001c9016ccfb0_556 .array/port v000001c9016ccfb0, 556;
E_000001c90169d040/155 .event anyedge, v000001c9016ccfb0_553, v000001c9016ccfb0_554, v000001c9016ccfb0_555, v000001c9016ccfb0_556;
v000001c9016ccfb0_557 .array/port v000001c9016ccfb0, 557;
v000001c9016ccfb0_558 .array/port v000001c9016ccfb0, 558;
v000001c9016ccfb0_559 .array/port v000001c9016ccfb0, 559;
v000001c9016ccfb0_560 .array/port v000001c9016ccfb0, 560;
E_000001c90169d040/156 .event anyedge, v000001c9016ccfb0_557, v000001c9016ccfb0_558, v000001c9016ccfb0_559, v000001c9016ccfb0_560;
v000001c9016ccfb0_561 .array/port v000001c9016ccfb0, 561;
v000001c9016ccfb0_562 .array/port v000001c9016ccfb0, 562;
v000001c9016ccfb0_563 .array/port v000001c9016ccfb0, 563;
v000001c9016ccfb0_564 .array/port v000001c9016ccfb0, 564;
E_000001c90169d040/157 .event anyedge, v000001c9016ccfb0_561, v000001c9016ccfb0_562, v000001c9016ccfb0_563, v000001c9016ccfb0_564;
v000001c9016ccfb0_565 .array/port v000001c9016ccfb0, 565;
v000001c9016ccfb0_566 .array/port v000001c9016ccfb0, 566;
v000001c9016ccfb0_567 .array/port v000001c9016ccfb0, 567;
v000001c9016ccfb0_568 .array/port v000001c9016ccfb0, 568;
E_000001c90169d040/158 .event anyedge, v000001c9016ccfb0_565, v000001c9016ccfb0_566, v000001c9016ccfb0_567, v000001c9016ccfb0_568;
v000001c9016ccfb0_569 .array/port v000001c9016ccfb0, 569;
v000001c9016ccfb0_570 .array/port v000001c9016ccfb0, 570;
v000001c9016ccfb0_571 .array/port v000001c9016ccfb0, 571;
v000001c9016ccfb0_572 .array/port v000001c9016ccfb0, 572;
E_000001c90169d040/159 .event anyedge, v000001c9016ccfb0_569, v000001c9016ccfb0_570, v000001c9016ccfb0_571, v000001c9016ccfb0_572;
v000001c9016ccfb0_573 .array/port v000001c9016ccfb0, 573;
v000001c9016ccfb0_574 .array/port v000001c9016ccfb0, 574;
v000001c9016ccfb0_575 .array/port v000001c9016ccfb0, 575;
v000001c9016ccfb0_576 .array/port v000001c9016ccfb0, 576;
E_000001c90169d040/160 .event anyedge, v000001c9016ccfb0_573, v000001c9016ccfb0_574, v000001c9016ccfb0_575, v000001c9016ccfb0_576;
v000001c9016ccfb0_577 .array/port v000001c9016ccfb0, 577;
v000001c9016ccfb0_578 .array/port v000001c9016ccfb0, 578;
v000001c9016ccfb0_579 .array/port v000001c9016ccfb0, 579;
v000001c9016ccfb0_580 .array/port v000001c9016ccfb0, 580;
E_000001c90169d040/161 .event anyedge, v000001c9016ccfb0_577, v000001c9016ccfb0_578, v000001c9016ccfb0_579, v000001c9016ccfb0_580;
v000001c9016ccfb0_581 .array/port v000001c9016ccfb0, 581;
v000001c9016ccfb0_582 .array/port v000001c9016ccfb0, 582;
v000001c9016ccfb0_583 .array/port v000001c9016ccfb0, 583;
v000001c9016ccfb0_584 .array/port v000001c9016ccfb0, 584;
E_000001c90169d040/162 .event anyedge, v000001c9016ccfb0_581, v000001c9016ccfb0_582, v000001c9016ccfb0_583, v000001c9016ccfb0_584;
v000001c9016ccfb0_585 .array/port v000001c9016ccfb0, 585;
v000001c9016ccfb0_586 .array/port v000001c9016ccfb0, 586;
v000001c9016ccfb0_587 .array/port v000001c9016ccfb0, 587;
v000001c9016ccfb0_588 .array/port v000001c9016ccfb0, 588;
E_000001c90169d040/163 .event anyedge, v000001c9016ccfb0_585, v000001c9016ccfb0_586, v000001c9016ccfb0_587, v000001c9016ccfb0_588;
v000001c9016ccfb0_589 .array/port v000001c9016ccfb0, 589;
v000001c9016ccfb0_590 .array/port v000001c9016ccfb0, 590;
v000001c9016ccfb0_591 .array/port v000001c9016ccfb0, 591;
v000001c9016ccfb0_592 .array/port v000001c9016ccfb0, 592;
E_000001c90169d040/164 .event anyedge, v000001c9016ccfb0_589, v000001c9016ccfb0_590, v000001c9016ccfb0_591, v000001c9016ccfb0_592;
v000001c9016ccfb0_593 .array/port v000001c9016ccfb0, 593;
v000001c9016ccfb0_594 .array/port v000001c9016ccfb0, 594;
v000001c9016ccfb0_595 .array/port v000001c9016ccfb0, 595;
v000001c9016ccfb0_596 .array/port v000001c9016ccfb0, 596;
E_000001c90169d040/165 .event anyedge, v000001c9016ccfb0_593, v000001c9016ccfb0_594, v000001c9016ccfb0_595, v000001c9016ccfb0_596;
v000001c9016ccfb0_597 .array/port v000001c9016ccfb0, 597;
v000001c9016ccfb0_598 .array/port v000001c9016ccfb0, 598;
v000001c9016ccfb0_599 .array/port v000001c9016ccfb0, 599;
v000001c9016ccfb0_600 .array/port v000001c9016ccfb0, 600;
E_000001c90169d040/166 .event anyedge, v000001c9016ccfb0_597, v000001c9016ccfb0_598, v000001c9016ccfb0_599, v000001c9016ccfb0_600;
v000001c9016ccfb0_601 .array/port v000001c9016ccfb0, 601;
v000001c9016ccfb0_602 .array/port v000001c9016ccfb0, 602;
v000001c9016ccfb0_603 .array/port v000001c9016ccfb0, 603;
v000001c9016ccfb0_604 .array/port v000001c9016ccfb0, 604;
E_000001c90169d040/167 .event anyedge, v000001c9016ccfb0_601, v000001c9016ccfb0_602, v000001c9016ccfb0_603, v000001c9016ccfb0_604;
v000001c9016ccfb0_605 .array/port v000001c9016ccfb0, 605;
v000001c9016ccfb0_606 .array/port v000001c9016ccfb0, 606;
v000001c9016ccfb0_607 .array/port v000001c9016ccfb0, 607;
v000001c9016ccfb0_608 .array/port v000001c9016ccfb0, 608;
E_000001c90169d040/168 .event anyedge, v000001c9016ccfb0_605, v000001c9016ccfb0_606, v000001c9016ccfb0_607, v000001c9016ccfb0_608;
v000001c9016ccfb0_609 .array/port v000001c9016ccfb0, 609;
v000001c9016ccfb0_610 .array/port v000001c9016ccfb0, 610;
v000001c9016ccfb0_611 .array/port v000001c9016ccfb0, 611;
v000001c9016ccfb0_612 .array/port v000001c9016ccfb0, 612;
E_000001c90169d040/169 .event anyedge, v000001c9016ccfb0_609, v000001c9016ccfb0_610, v000001c9016ccfb0_611, v000001c9016ccfb0_612;
v000001c9016ccfb0_613 .array/port v000001c9016ccfb0, 613;
v000001c9016ccfb0_614 .array/port v000001c9016ccfb0, 614;
v000001c9016ccfb0_615 .array/port v000001c9016ccfb0, 615;
v000001c9016ccfb0_616 .array/port v000001c9016ccfb0, 616;
E_000001c90169d040/170 .event anyedge, v000001c9016ccfb0_613, v000001c9016ccfb0_614, v000001c9016ccfb0_615, v000001c9016ccfb0_616;
v000001c9016ccfb0_617 .array/port v000001c9016ccfb0, 617;
v000001c9016ccfb0_618 .array/port v000001c9016ccfb0, 618;
v000001c9016ccfb0_619 .array/port v000001c9016ccfb0, 619;
v000001c9016ccfb0_620 .array/port v000001c9016ccfb0, 620;
E_000001c90169d040/171 .event anyedge, v000001c9016ccfb0_617, v000001c9016ccfb0_618, v000001c9016ccfb0_619, v000001c9016ccfb0_620;
v000001c9016ccfb0_621 .array/port v000001c9016ccfb0, 621;
v000001c9016ccfb0_622 .array/port v000001c9016ccfb0, 622;
v000001c9016ccfb0_623 .array/port v000001c9016ccfb0, 623;
v000001c9016ccfb0_624 .array/port v000001c9016ccfb0, 624;
E_000001c90169d040/172 .event anyedge, v000001c9016ccfb0_621, v000001c9016ccfb0_622, v000001c9016ccfb0_623, v000001c9016ccfb0_624;
v000001c9016ccfb0_625 .array/port v000001c9016ccfb0, 625;
v000001c9016ccfb0_626 .array/port v000001c9016ccfb0, 626;
v000001c9016ccfb0_627 .array/port v000001c9016ccfb0, 627;
v000001c9016ccfb0_628 .array/port v000001c9016ccfb0, 628;
E_000001c90169d040/173 .event anyedge, v000001c9016ccfb0_625, v000001c9016ccfb0_626, v000001c9016ccfb0_627, v000001c9016ccfb0_628;
v000001c9016ccfb0_629 .array/port v000001c9016ccfb0, 629;
v000001c9016ccfb0_630 .array/port v000001c9016ccfb0, 630;
v000001c9016ccfb0_631 .array/port v000001c9016ccfb0, 631;
v000001c9016ccfb0_632 .array/port v000001c9016ccfb0, 632;
E_000001c90169d040/174 .event anyedge, v000001c9016ccfb0_629, v000001c9016ccfb0_630, v000001c9016ccfb0_631, v000001c9016ccfb0_632;
v000001c9016ccfb0_633 .array/port v000001c9016ccfb0, 633;
v000001c9016ccfb0_634 .array/port v000001c9016ccfb0, 634;
v000001c9016ccfb0_635 .array/port v000001c9016ccfb0, 635;
v000001c9016ccfb0_636 .array/port v000001c9016ccfb0, 636;
E_000001c90169d040/175 .event anyedge, v000001c9016ccfb0_633, v000001c9016ccfb0_634, v000001c9016ccfb0_635, v000001c9016ccfb0_636;
v000001c9016ccfb0_637 .array/port v000001c9016ccfb0, 637;
v000001c9016ccfb0_638 .array/port v000001c9016ccfb0, 638;
v000001c9016ccfb0_639 .array/port v000001c9016ccfb0, 639;
v000001c9016ccfb0_640 .array/port v000001c9016ccfb0, 640;
E_000001c90169d040/176 .event anyedge, v000001c9016ccfb0_637, v000001c9016ccfb0_638, v000001c9016ccfb0_639, v000001c9016ccfb0_640;
v000001c9016ccfb0_641 .array/port v000001c9016ccfb0, 641;
v000001c9016ccfb0_642 .array/port v000001c9016ccfb0, 642;
v000001c9016ccfb0_643 .array/port v000001c9016ccfb0, 643;
v000001c9016ccfb0_644 .array/port v000001c9016ccfb0, 644;
E_000001c90169d040/177 .event anyedge, v000001c9016ccfb0_641, v000001c9016ccfb0_642, v000001c9016ccfb0_643, v000001c9016ccfb0_644;
v000001c9016ccfb0_645 .array/port v000001c9016ccfb0, 645;
v000001c9016ccfb0_646 .array/port v000001c9016ccfb0, 646;
v000001c9016ccfb0_647 .array/port v000001c9016ccfb0, 647;
v000001c9016ccfb0_648 .array/port v000001c9016ccfb0, 648;
E_000001c90169d040/178 .event anyedge, v000001c9016ccfb0_645, v000001c9016ccfb0_646, v000001c9016ccfb0_647, v000001c9016ccfb0_648;
v000001c9016ccfb0_649 .array/port v000001c9016ccfb0, 649;
v000001c9016ccfb0_650 .array/port v000001c9016ccfb0, 650;
v000001c9016ccfb0_651 .array/port v000001c9016ccfb0, 651;
v000001c9016ccfb0_652 .array/port v000001c9016ccfb0, 652;
E_000001c90169d040/179 .event anyedge, v000001c9016ccfb0_649, v000001c9016ccfb0_650, v000001c9016ccfb0_651, v000001c9016ccfb0_652;
v000001c9016ccfb0_653 .array/port v000001c9016ccfb0, 653;
v000001c9016ccfb0_654 .array/port v000001c9016ccfb0, 654;
v000001c9016ccfb0_655 .array/port v000001c9016ccfb0, 655;
v000001c9016ccfb0_656 .array/port v000001c9016ccfb0, 656;
E_000001c90169d040/180 .event anyedge, v000001c9016ccfb0_653, v000001c9016ccfb0_654, v000001c9016ccfb0_655, v000001c9016ccfb0_656;
v000001c9016ccfb0_657 .array/port v000001c9016ccfb0, 657;
v000001c9016ccfb0_658 .array/port v000001c9016ccfb0, 658;
v000001c9016ccfb0_659 .array/port v000001c9016ccfb0, 659;
v000001c9016ccfb0_660 .array/port v000001c9016ccfb0, 660;
E_000001c90169d040/181 .event anyedge, v000001c9016ccfb0_657, v000001c9016ccfb0_658, v000001c9016ccfb0_659, v000001c9016ccfb0_660;
v000001c9016ccfb0_661 .array/port v000001c9016ccfb0, 661;
v000001c9016ccfb0_662 .array/port v000001c9016ccfb0, 662;
v000001c9016ccfb0_663 .array/port v000001c9016ccfb0, 663;
v000001c9016ccfb0_664 .array/port v000001c9016ccfb0, 664;
E_000001c90169d040/182 .event anyedge, v000001c9016ccfb0_661, v000001c9016ccfb0_662, v000001c9016ccfb0_663, v000001c9016ccfb0_664;
v000001c9016ccfb0_665 .array/port v000001c9016ccfb0, 665;
v000001c9016ccfb0_666 .array/port v000001c9016ccfb0, 666;
v000001c9016ccfb0_667 .array/port v000001c9016ccfb0, 667;
v000001c9016ccfb0_668 .array/port v000001c9016ccfb0, 668;
E_000001c90169d040/183 .event anyedge, v000001c9016ccfb0_665, v000001c9016ccfb0_666, v000001c9016ccfb0_667, v000001c9016ccfb0_668;
v000001c9016ccfb0_669 .array/port v000001c9016ccfb0, 669;
v000001c9016ccfb0_670 .array/port v000001c9016ccfb0, 670;
v000001c9016ccfb0_671 .array/port v000001c9016ccfb0, 671;
v000001c9016ccfb0_672 .array/port v000001c9016ccfb0, 672;
E_000001c90169d040/184 .event anyedge, v000001c9016ccfb0_669, v000001c9016ccfb0_670, v000001c9016ccfb0_671, v000001c9016ccfb0_672;
v000001c9016ccfb0_673 .array/port v000001c9016ccfb0, 673;
v000001c9016ccfb0_674 .array/port v000001c9016ccfb0, 674;
v000001c9016ccfb0_675 .array/port v000001c9016ccfb0, 675;
v000001c9016ccfb0_676 .array/port v000001c9016ccfb0, 676;
E_000001c90169d040/185 .event anyedge, v000001c9016ccfb0_673, v000001c9016ccfb0_674, v000001c9016ccfb0_675, v000001c9016ccfb0_676;
v000001c9016ccfb0_677 .array/port v000001c9016ccfb0, 677;
v000001c9016ccfb0_678 .array/port v000001c9016ccfb0, 678;
v000001c9016ccfb0_679 .array/port v000001c9016ccfb0, 679;
v000001c9016ccfb0_680 .array/port v000001c9016ccfb0, 680;
E_000001c90169d040/186 .event anyedge, v000001c9016ccfb0_677, v000001c9016ccfb0_678, v000001c9016ccfb0_679, v000001c9016ccfb0_680;
v000001c9016ccfb0_681 .array/port v000001c9016ccfb0, 681;
v000001c9016ccfb0_682 .array/port v000001c9016ccfb0, 682;
v000001c9016ccfb0_683 .array/port v000001c9016ccfb0, 683;
v000001c9016ccfb0_684 .array/port v000001c9016ccfb0, 684;
E_000001c90169d040/187 .event anyedge, v000001c9016ccfb0_681, v000001c9016ccfb0_682, v000001c9016ccfb0_683, v000001c9016ccfb0_684;
v000001c9016ccfb0_685 .array/port v000001c9016ccfb0, 685;
v000001c9016ccfb0_686 .array/port v000001c9016ccfb0, 686;
v000001c9016ccfb0_687 .array/port v000001c9016ccfb0, 687;
v000001c9016ccfb0_688 .array/port v000001c9016ccfb0, 688;
E_000001c90169d040/188 .event anyedge, v000001c9016ccfb0_685, v000001c9016ccfb0_686, v000001c9016ccfb0_687, v000001c9016ccfb0_688;
v000001c9016ccfb0_689 .array/port v000001c9016ccfb0, 689;
v000001c9016ccfb0_690 .array/port v000001c9016ccfb0, 690;
v000001c9016ccfb0_691 .array/port v000001c9016ccfb0, 691;
v000001c9016ccfb0_692 .array/port v000001c9016ccfb0, 692;
E_000001c90169d040/189 .event anyedge, v000001c9016ccfb0_689, v000001c9016ccfb0_690, v000001c9016ccfb0_691, v000001c9016ccfb0_692;
v000001c9016ccfb0_693 .array/port v000001c9016ccfb0, 693;
v000001c9016ccfb0_694 .array/port v000001c9016ccfb0, 694;
v000001c9016ccfb0_695 .array/port v000001c9016ccfb0, 695;
v000001c9016ccfb0_696 .array/port v000001c9016ccfb0, 696;
E_000001c90169d040/190 .event anyedge, v000001c9016ccfb0_693, v000001c9016ccfb0_694, v000001c9016ccfb0_695, v000001c9016ccfb0_696;
v000001c9016ccfb0_697 .array/port v000001c9016ccfb0, 697;
v000001c9016ccfb0_698 .array/port v000001c9016ccfb0, 698;
v000001c9016ccfb0_699 .array/port v000001c9016ccfb0, 699;
v000001c9016ccfb0_700 .array/port v000001c9016ccfb0, 700;
E_000001c90169d040/191 .event anyedge, v000001c9016ccfb0_697, v000001c9016ccfb0_698, v000001c9016ccfb0_699, v000001c9016ccfb0_700;
v000001c9016ccfb0_701 .array/port v000001c9016ccfb0, 701;
v000001c9016ccfb0_702 .array/port v000001c9016ccfb0, 702;
v000001c9016ccfb0_703 .array/port v000001c9016ccfb0, 703;
v000001c9016ccfb0_704 .array/port v000001c9016ccfb0, 704;
E_000001c90169d040/192 .event anyedge, v000001c9016ccfb0_701, v000001c9016ccfb0_702, v000001c9016ccfb0_703, v000001c9016ccfb0_704;
v000001c9016ccfb0_705 .array/port v000001c9016ccfb0, 705;
v000001c9016ccfb0_706 .array/port v000001c9016ccfb0, 706;
v000001c9016ccfb0_707 .array/port v000001c9016ccfb0, 707;
v000001c9016ccfb0_708 .array/port v000001c9016ccfb0, 708;
E_000001c90169d040/193 .event anyedge, v000001c9016ccfb0_705, v000001c9016ccfb0_706, v000001c9016ccfb0_707, v000001c9016ccfb0_708;
v000001c9016ccfb0_709 .array/port v000001c9016ccfb0, 709;
v000001c9016ccfb0_710 .array/port v000001c9016ccfb0, 710;
v000001c9016ccfb0_711 .array/port v000001c9016ccfb0, 711;
v000001c9016ccfb0_712 .array/port v000001c9016ccfb0, 712;
E_000001c90169d040/194 .event anyedge, v000001c9016ccfb0_709, v000001c9016ccfb0_710, v000001c9016ccfb0_711, v000001c9016ccfb0_712;
v000001c9016ccfb0_713 .array/port v000001c9016ccfb0, 713;
v000001c9016ccfb0_714 .array/port v000001c9016ccfb0, 714;
v000001c9016ccfb0_715 .array/port v000001c9016ccfb0, 715;
v000001c9016ccfb0_716 .array/port v000001c9016ccfb0, 716;
E_000001c90169d040/195 .event anyedge, v000001c9016ccfb0_713, v000001c9016ccfb0_714, v000001c9016ccfb0_715, v000001c9016ccfb0_716;
v000001c9016ccfb0_717 .array/port v000001c9016ccfb0, 717;
v000001c9016ccfb0_718 .array/port v000001c9016ccfb0, 718;
v000001c9016ccfb0_719 .array/port v000001c9016ccfb0, 719;
v000001c9016ccfb0_720 .array/port v000001c9016ccfb0, 720;
E_000001c90169d040/196 .event anyedge, v000001c9016ccfb0_717, v000001c9016ccfb0_718, v000001c9016ccfb0_719, v000001c9016ccfb0_720;
v000001c9016ccfb0_721 .array/port v000001c9016ccfb0, 721;
v000001c9016ccfb0_722 .array/port v000001c9016ccfb0, 722;
v000001c9016ccfb0_723 .array/port v000001c9016ccfb0, 723;
v000001c9016ccfb0_724 .array/port v000001c9016ccfb0, 724;
E_000001c90169d040/197 .event anyedge, v000001c9016ccfb0_721, v000001c9016ccfb0_722, v000001c9016ccfb0_723, v000001c9016ccfb0_724;
v000001c9016ccfb0_725 .array/port v000001c9016ccfb0, 725;
v000001c9016ccfb0_726 .array/port v000001c9016ccfb0, 726;
v000001c9016ccfb0_727 .array/port v000001c9016ccfb0, 727;
v000001c9016ccfb0_728 .array/port v000001c9016ccfb0, 728;
E_000001c90169d040/198 .event anyedge, v000001c9016ccfb0_725, v000001c9016ccfb0_726, v000001c9016ccfb0_727, v000001c9016ccfb0_728;
v000001c9016ccfb0_729 .array/port v000001c9016ccfb0, 729;
v000001c9016ccfb0_730 .array/port v000001c9016ccfb0, 730;
v000001c9016ccfb0_731 .array/port v000001c9016ccfb0, 731;
v000001c9016ccfb0_732 .array/port v000001c9016ccfb0, 732;
E_000001c90169d040/199 .event anyedge, v000001c9016ccfb0_729, v000001c9016ccfb0_730, v000001c9016ccfb0_731, v000001c9016ccfb0_732;
v000001c9016ccfb0_733 .array/port v000001c9016ccfb0, 733;
v000001c9016ccfb0_734 .array/port v000001c9016ccfb0, 734;
v000001c9016ccfb0_735 .array/port v000001c9016ccfb0, 735;
v000001c9016ccfb0_736 .array/port v000001c9016ccfb0, 736;
E_000001c90169d040/200 .event anyedge, v000001c9016ccfb0_733, v000001c9016ccfb0_734, v000001c9016ccfb0_735, v000001c9016ccfb0_736;
v000001c9016ccfb0_737 .array/port v000001c9016ccfb0, 737;
v000001c9016ccfb0_738 .array/port v000001c9016ccfb0, 738;
v000001c9016ccfb0_739 .array/port v000001c9016ccfb0, 739;
v000001c9016ccfb0_740 .array/port v000001c9016ccfb0, 740;
E_000001c90169d040/201 .event anyedge, v000001c9016ccfb0_737, v000001c9016ccfb0_738, v000001c9016ccfb0_739, v000001c9016ccfb0_740;
v000001c9016ccfb0_741 .array/port v000001c9016ccfb0, 741;
v000001c9016ccfb0_742 .array/port v000001c9016ccfb0, 742;
v000001c9016ccfb0_743 .array/port v000001c9016ccfb0, 743;
v000001c9016ccfb0_744 .array/port v000001c9016ccfb0, 744;
E_000001c90169d040/202 .event anyedge, v000001c9016ccfb0_741, v000001c9016ccfb0_742, v000001c9016ccfb0_743, v000001c9016ccfb0_744;
v000001c9016ccfb0_745 .array/port v000001c9016ccfb0, 745;
v000001c9016ccfb0_746 .array/port v000001c9016ccfb0, 746;
v000001c9016ccfb0_747 .array/port v000001c9016ccfb0, 747;
v000001c9016ccfb0_748 .array/port v000001c9016ccfb0, 748;
E_000001c90169d040/203 .event anyedge, v000001c9016ccfb0_745, v000001c9016ccfb0_746, v000001c9016ccfb0_747, v000001c9016ccfb0_748;
v000001c9016ccfb0_749 .array/port v000001c9016ccfb0, 749;
v000001c9016ccfb0_750 .array/port v000001c9016ccfb0, 750;
v000001c9016ccfb0_751 .array/port v000001c9016ccfb0, 751;
v000001c9016ccfb0_752 .array/port v000001c9016ccfb0, 752;
E_000001c90169d040/204 .event anyedge, v000001c9016ccfb0_749, v000001c9016ccfb0_750, v000001c9016ccfb0_751, v000001c9016ccfb0_752;
v000001c9016ccfb0_753 .array/port v000001c9016ccfb0, 753;
v000001c9016ccfb0_754 .array/port v000001c9016ccfb0, 754;
v000001c9016ccfb0_755 .array/port v000001c9016ccfb0, 755;
v000001c9016ccfb0_756 .array/port v000001c9016ccfb0, 756;
E_000001c90169d040/205 .event anyedge, v000001c9016ccfb0_753, v000001c9016ccfb0_754, v000001c9016ccfb0_755, v000001c9016ccfb0_756;
v000001c9016ccfb0_757 .array/port v000001c9016ccfb0, 757;
v000001c9016ccfb0_758 .array/port v000001c9016ccfb0, 758;
v000001c9016ccfb0_759 .array/port v000001c9016ccfb0, 759;
v000001c9016ccfb0_760 .array/port v000001c9016ccfb0, 760;
E_000001c90169d040/206 .event anyedge, v000001c9016ccfb0_757, v000001c9016ccfb0_758, v000001c9016ccfb0_759, v000001c9016ccfb0_760;
v000001c9016ccfb0_761 .array/port v000001c9016ccfb0, 761;
v000001c9016ccfb0_762 .array/port v000001c9016ccfb0, 762;
v000001c9016ccfb0_763 .array/port v000001c9016ccfb0, 763;
v000001c9016ccfb0_764 .array/port v000001c9016ccfb0, 764;
E_000001c90169d040/207 .event anyedge, v000001c9016ccfb0_761, v000001c9016ccfb0_762, v000001c9016ccfb0_763, v000001c9016ccfb0_764;
v000001c9016ccfb0_765 .array/port v000001c9016ccfb0, 765;
v000001c9016ccfb0_766 .array/port v000001c9016ccfb0, 766;
v000001c9016ccfb0_767 .array/port v000001c9016ccfb0, 767;
v000001c9016ccfb0_768 .array/port v000001c9016ccfb0, 768;
E_000001c90169d040/208 .event anyedge, v000001c9016ccfb0_765, v000001c9016ccfb0_766, v000001c9016ccfb0_767, v000001c9016ccfb0_768;
v000001c9016ccfb0_769 .array/port v000001c9016ccfb0, 769;
v000001c9016ccfb0_770 .array/port v000001c9016ccfb0, 770;
v000001c9016ccfb0_771 .array/port v000001c9016ccfb0, 771;
v000001c9016ccfb0_772 .array/port v000001c9016ccfb0, 772;
E_000001c90169d040/209 .event anyedge, v000001c9016ccfb0_769, v000001c9016ccfb0_770, v000001c9016ccfb0_771, v000001c9016ccfb0_772;
v000001c9016ccfb0_773 .array/port v000001c9016ccfb0, 773;
v000001c9016ccfb0_774 .array/port v000001c9016ccfb0, 774;
v000001c9016ccfb0_775 .array/port v000001c9016ccfb0, 775;
v000001c9016ccfb0_776 .array/port v000001c9016ccfb0, 776;
E_000001c90169d040/210 .event anyedge, v000001c9016ccfb0_773, v000001c9016ccfb0_774, v000001c9016ccfb0_775, v000001c9016ccfb0_776;
v000001c9016ccfb0_777 .array/port v000001c9016ccfb0, 777;
v000001c9016ccfb0_778 .array/port v000001c9016ccfb0, 778;
v000001c9016ccfb0_779 .array/port v000001c9016ccfb0, 779;
v000001c9016ccfb0_780 .array/port v000001c9016ccfb0, 780;
E_000001c90169d040/211 .event anyedge, v000001c9016ccfb0_777, v000001c9016ccfb0_778, v000001c9016ccfb0_779, v000001c9016ccfb0_780;
v000001c9016ccfb0_781 .array/port v000001c9016ccfb0, 781;
v000001c9016ccfb0_782 .array/port v000001c9016ccfb0, 782;
v000001c9016ccfb0_783 .array/port v000001c9016ccfb0, 783;
v000001c9016ccfb0_784 .array/port v000001c9016ccfb0, 784;
E_000001c90169d040/212 .event anyedge, v000001c9016ccfb0_781, v000001c9016ccfb0_782, v000001c9016ccfb0_783, v000001c9016ccfb0_784;
v000001c9016ccfb0_785 .array/port v000001c9016ccfb0, 785;
v000001c9016ccfb0_786 .array/port v000001c9016ccfb0, 786;
v000001c9016ccfb0_787 .array/port v000001c9016ccfb0, 787;
v000001c9016ccfb0_788 .array/port v000001c9016ccfb0, 788;
E_000001c90169d040/213 .event anyedge, v000001c9016ccfb0_785, v000001c9016ccfb0_786, v000001c9016ccfb0_787, v000001c9016ccfb0_788;
v000001c9016ccfb0_789 .array/port v000001c9016ccfb0, 789;
v000001c9016ccfb0_790 .array/port v000001c9016ccfb0, 790;
v000001c9016ccfb0_791 .array/port v000001c9016ccfb0, 791;
v000001c9016ccfb0_792 .array/port v000001c9016ccfb0, 792;
E_000001c90169d040/214 .event anyedge, v000001c9016ccfb0_789, v000001c9016ccfb0_790, v000001c9016ccfb0_791, v000001c9016ccfb0_792;
v000001c9016ccfb0_793 .array/port v000001c9016ccfb0, 793;
v000001c9016ccfb0_794 .array/port v000001c9016ccfb0, 794;
v000001c9016ccfb0_795 .array/port v000001c9016ccfb0, 795;
v000001c9016ccfb0_796 .array/port v000001c9016ccfb0, 796;
E_000001c90169d040/215 .event anyedge, v000001c9016ccfb0_793, v000001c9016ccfb0_794, v000001c9016ccfb0_795, v000001c9016ccfb0_796;
v000001c9016ccfb0_797 .array/port v000001c9016ccfb0, 797;
v000001c9016ccfb0_798 .array/port v000001c9016ccfb0, 798;
v000001c9016ccfb0_799 .array/port v000001c9016ccfb0, 799;
v000001c9016ccfb0_800 .array/port v000001c9016ccfb0, 800;
E_000001c90169d040/216 .event anyedge, v000001c9016ccfb0_797, v000001c9016ccfb0_798, v000001c9016ccfb0_799, v000001c9016ccfb0_800;
v000001c9016ccfb0_801 .array/port v000001c9016ccfb0, 801;
v000001c9016ccfb0_802 .array/port v000001c9016ccfb0, 802;
v000001c9016ccfb0_803 .array/port v000001c9016ccfb0, 803;
v000001c9016ccfb0_804 .array/port v000001c9016ccfb0, 804;
E_000001c90169d040/217 .event anyedge, v000001c9016ccfb0_801, v000001c9016ccfb0_802, v000001c9016ccfb0_803, v000001c9016ccfb0_804;
v000001c9016ccfb0_805 .array/port v000001c9016ccfb0, 805;
v000001c9016ccfb0_806 .array/port v000001c9016ccfb0, 806;
v000001c9016ccfb0_807 .array/port v000001c9016ccfb0, 807;
v000001c9016ccfb0_808 .array/port v000001c9016ccfb0, 808;
E_000001c90169d040/218 .event anyedge, v000001c9016ccfb0_805, v000001c9016ccfb0_806, v000001c9016ccfb0_807, v000001c9016ccfb0_808;
v000001c9016ccfb0_809 .array/port v000001c9016ccfb0, 809;
v000001c9016ccfb0_810 .array/port v000001c9016ccfb0, 810;
v000001c9016ccfb0_811 .array/port v000001c9016ccfb0, 811;
v000001c9016ccfb0_812 .array/port v000001c9016ccfb0, 812;
E_000001c90169d040/219 .event anyedge, v000001c9016ccfb0_809, v000001c9016ccfb0_810, v000001c9016ccfb0_811, v000001c9016ccfb0_812;
v000001c9016ccfb0_813 .array/port v000001c9016ccfb0, 813;
v000001c9016ccfb0_814 .array/port v000001c9016ccfb0, 814;
v000001c9016ccfb0_815 .array/port v000001c9016ccfb0, 815;
v000001c9016ccfb0_816 .array/port v000001c9016ccfb0, 816;
E_000001c90169d040/220 .event anyedge, v000001c9016ccfb0_813, v000001c9016ccfb0_814, v000001c9016ccfb0_815, v000001c9016ccfb0_816;
v000001c9016ccfb0_817 .array/port v000001c9016ccfb0, 817;
v000001c9016ccfb0_818 .array/port v000001c9016ccfb0, 818;
v000001c9016ccfb0_819 .array/port v000001c9016ccfb0, 819;
v000001c9016ccfb0_820 .array/port v000001c9016ccfb0, 820;
E_000001c90169d040/221 .event anyedge, v000001c9016ccfb0_817, v000001c9016ccfb0_818, v000001c9016ccfb0_819, v000001c9016ccfb0_820;
v000001c9016ccfb0_821 .array/port v000001c9016ccfb0, 821;
v000001c9016ccfb0_822 .array/port v000001c9016ccfb0, 822;
v000001c9016ccfb0_823 .array/port v000001c9016ccfb0, 823;
v000001c9016ccfb0_824 .array/port v000001c9016ccfb0, 824;
E_000001c90169d040/222 .event anyedge, v000001c9016ccfb0_821, v000001c9016ccfb0_822, v000001c9016ccfb0_823, v000001c9016ccfb0_824;
v000001c9016ccfb0_825 .array/port v000001c9016ccfb0, 825;
v000001c9016ccfb0_826 .array/port v000001c9016ccfb0, 826;
v000001c9016ccfb0_827 .array/port v000001c9016ccfb0, 827;
v000001c9016ccfb0_828 .array/port v000001c9016ccfb0, 828;
E_000001c90169d040/223 .event anyedge, v000001c9016ccfb0_825, v000001c9016ccfb0_826, v000001c9016ccfb0_827, v000001c9016ccfb0_828;
v000001c9016ccfb0_829 .array/port v000001c9016ccfb0, 829;
v000001c9016ccfb0_830 .array/port v000001c9016ccfb0, 830;
v000001c9016ccfb0_831 .array/port v000001c9016ccfb0, 831;
v000001c9016ccfb0_832 .array/port v000001c9016ccfb0, 832;
E_000001c90169d040/224 .event anyedge, v000001c9016ccfb0_829, v000001c9016ccfb0_830, v000001c9016ccfb0_831, v000001c9016ccfb0_832;
v000001c9016ccfb0_833 .array/port v000001c9016ccfb0, 833;
v000001c9016ccfb0_834 .array/port v000001c9016ccfb0, 834;
v000001c9016ccfb0_835 .array/port v000001c9016ccfb0, 835;
v000001c9016ccfb0_836 .array/port v000001c9016ccfb0, 836;
E_000001c90169d040/225 .event anyedge, v000001c9016ccfb0_833, v000001c9016ccfb0_834, v000001c9016ccfb0_835, v000001c9016ccfb0_836;
v000001c9016ccfb0_837 .array/port v000001c9016ccfb0, 837;
v000001c9016ccfb0_838 .array/port v000001c9016ccfb0, 838;
v000001c9016ccfb0_839 .array/port v000001c9016ccfb0, 839;
v000001c9016ccfb0_840 .array/port v000001c9016ccfb0, 840;
E_000001c90169d040/226 .event anyedge, v000001c9016ccfb0_837, v000001c9016ccfb0_838, v000001c9016ccfb0_839, v000001c9016ccfb0_840;
v000001c9016ccfb0_841 .array/port v000001c9016ccfb0, 841;
v000001c9016ccfb0_842 .array/port v000001c9016ccfb0, 842;
v000001c9016ccfb0_843 .array/port v000001c9016ccfb0, 843;
v000001c9016ccfb0_844 .array/port v000001c9016ccfb0, 844;
E_000001c90169d040/227 .event anyedge, v000001c9016ccfb0_841, v000001c9016ccfb0_842, v000001c9016ccfb0_843, v000001c9016ccfb0_844;
v000001c9016ccfb0_845 .array/port v000001c9016ccfb0, 845;
v000001c9016ccfb0_846 .array/port v000001c9016ccfb0, 846;
v000001c9016ccfb0_847 .array/port v000001c9016ccfb0, 847;
v000001c9016ccfb0_848 .array/port v000001c9016ccfb0, 848;
E_000001c90169d040/228 .event anyedge, v000001c9016ccfb0_845, v000001c9016ccfb0_846, v000001c9016ccfb0_847, v000001c9016ccfb0_848;
v000001c9016ccfb0_849 .array/port v000001c9016ccfb0, 849;
v000001c9016ccfb0_850 .array/port v000001c9016ccfb0, 850;
v000001c9016ccfb0_851 .array/port v000001c9016ccfb0, 851;
v000001c9016ccfb0_852 .array/port v000001c9016ccfb0, 852;
E_000001c90169d040/229 .event anyedge, v000001c9016ccfb0_849, v000001c9016ccfb0_850, v000001c9016ccfb0_851, v000001c9016ccfb0_852;
v000001c9016ccfb0_853 .array/port v000001c9016ccfb0, 853;
v000001c9016ccfb0_854 .array/port v000001c9016ccfb0, 854;
v000001c9016ccfb0_855 .array/port v000001c9016ccfb0, 855;
v000001c9016ccfb0_856 .array/port v000001c9016ccfb0, 856;
E_000001c90169d040/230 .event anyedge, v000001c9016ccfb0_853, v000001c9016ccfb0_854, v000001c9016ccfb0_855, v000001c9016ccfb0_856;
v000001c9016ccfb0_857 .array/port v000001c9016ccfb0, 857;
v000001c9016ccfb0_858 .array/port v000001c9016ccfb0, 858;
v000001c9016ccfb0_859 .array/port v000001c9016ccfb0, 859;
v000001c9016ccfb0_860 .array/port v000001c9016ccfb0, 860;
E_000001c90169d040/231 .event anyedge, v000001c9016ccfb0_857, v000001c9016ccfb0_858, v000001c9016ccfb0_859, v000001c9016ccfb0_860;
v000001c9016ccfb0_861 .array/port v000001c9016ccfb0, 861;
v000001c9016ccfb0_862 .array/port v000001c9016ccfb0, 862;
v000001c9016ccfb0_863 .array/port v000001c9016ccfb0, 863;
v000001c9016ccfb0_864 .array/port v000001c9016ccfb0, 864;
E_000001c90169d040/232 .event anyedge, v000001c9016ccfb0_861, v000001c9016ccfb0_862, v000001c9016ccfb0_863, v000001c9016ccfb0_864;
v000001c9016ccfb0_865 .array/port v000001c9016ccfb0, 865;
v000001c9016ccfb0_866 .array/port v000001c9016ccfb0, 866;
v000001c9016ccfb0_867 .array/port v000001c9016ccfb0, 867;
v000001c9016ccfb0_868 .array/port v000001c9016ccfb0, 868;
E_000001c90169d040/233 .event anyedge, v000001c9016ccfb0_865, v000001c9016ccfb0_866, v000001c9016ccfb0_867, v000001c9016ccfb0_868;
v000001c9016ccfb0_869 .array/port v000001c9016ccfb0, 869;
v000001c9016ccfb0_870 .array/port v000001c9016ccfb0, 870;
v000001c9016ccfb0_871 .array/port v000001c9016ccfb0, 871;
v000001c9016ccfb0_872 .array/port v000001c9016ccfb0, 872;
E_000001c90169d040/234 .event anyedge, v000001c9016ccfb0_869, v000001c9016ccfb0_870, v000001c9016ccfb0_871, v000001c9016ccfb0_872;
v000001c9016ccfb0_873 .array/port v000001c9016ccfb0, 873;
v000001c9016ccfb0_874 .array/port v000001c9016ccfb0, 874;
v000001c9016ccfb0_875 .array/port v000001c9016ccfb0, 875;
v000001c9016ccfb0_876 .array/port v000001c9016ccfb0, 876;
E_000001c90169d040/235 .event anyedge, v000001c9016ccfb0_873, v000001c9016ccfb0_874, v000001c9016ccfb0_875, v000001c9016ccfb0_876;
v000001c9016ccfb0_877 .array/port v000001c9016ccfb0, 877;
v000001c9016ccfb0_878 .array/port v000001c9016ccfb0, 878;
v000001c9016ccfb0_879 .array/port v000001c9016ccfb0, 879;
v000001c9016ccfb0_880 .array/port v000001c9016ccfb0, 880;
E_000001c90169d040/236 .event anyedge, v000001c9016ccfb0_877, v000001c9016ccfb0_878, v000001c9016ccfb0_879, v000001c9016ccfb0_880;
v000001c9016ccfb0_881 .array/port v000001c9016ccfb0, 881;
v000001c9016ccfb0_882 .array/port v000001c9016ccfb0, 882;
v000001c9016ccfb0_883 .array/port v000001c9016ccfb0, 883;
v000001c9016ccfb0_884 .array/port v000001c9016ccfb0, 884;
E_000001c90169d040/237 .event anyedge, v000001c9016ccfb0_881, v000001c9016ccfb0_882, v000001c9016ccfb0_883, v000001c9016ccfb0_884;
v000001c9016ccfb0_885 .array/port v000001c9016ccfb0, 885;
v000001c9016ccfb0_886 .array/port v000001c9016ccfb0, 886;
v000001c9016ccfb0_887 .array/port v000001c9016ccfb0, 887;
v000001c9016ccfb0_888 .array/port v000001c9016ccfb0, 888;
E_000001c90169d040/238 .event anyedge, v000001c9016ccfb0_885, v000001c9016ccfb0_886, v000001c9016ccfb0_887, v000001c9016ccfb0_888;
v000001c9016ccfb0_889 .array/port v000001c9016ccfb0, 889;
v000001c9016ccfb0_890 .array/port v000001c9016ccfb0, 890;
v000001c9016ccfb0_891 .array/port v000001c9016ccfb0, 891;
v000001c9016ccfb0_892 .array/port v000001c9016ccfb0, 892;
E_000001c90169d040/239 .event anyedge, v000001c9016ccfb0_889, v000001c9016ccfb0_890, v000001c9016ccfb0_891, v000001c9016ccfb0_892;
v000001c9016ccfb0_893 .array/port v000001c9016ccfb0, 893;
v000001c9016ccfb0_894 .array/port v000001c9016ccfb0, 894;
v000001c9016ccfb0_895 .array/port v000001c9016ccfb0, 895;
v000001c9016ccfb0_896 .array/port v000001c9016ccfb0, 896;
E_000001c90169d040/240 .event anyedge, v000001c9016ccfb0_893, v000001c9016ccfb0_894, v000001c9016ccfb0_895, v000001c9016ccfb0_896;
v000001c9016ccfb0_897 .array/port v000001c9016ccfb0, 897;
v000001c9016ccfb0_898 .array/port v000001c9016ccfb0, 898;
v000001c9016ccfb0_899 .array/port v000001c9016ccfb0, 899;
v000001c9016ccfb0_900 .array/port v000001c9016ccfb0, 900;
E_000001c90169d040/241 .event anyedge, v000001c9016ccfb0_897, v000001c9016ccfb0_898, v000001c9016ccfb0_899, v000001c9016ccfb0_900;
v000001c9016ccfb0_901 .array/port v000001c9016ccfb0, 901;
v000001c9016ccfb0_902 .array/port v000001c9016ccfb0, 902;
v000001c9016ccfb0_903 .array/port v000001c9016ccfb0, 903;
v000001c9016ccfb0_904 .array/port v000001c9016ccfb0, 904;
E_000001c90169d040/242 .event anyedge, v000001c9016ccfb0_901, v000001c9016ccfb0_902, v000001c9016ccfb0_903, v000001c9016ccfb0_904;
v000001c9016ccfb0_905 .array/port v000001c9016ccfb0, 905;
v000001c9016ccfb0_906 .array/port v000001c9016ccfb0, 906;
v000001c9016ccfb0_907 .array/port v000001c9016ccfb0, 907;
v000001c9016ccfb0_908 .array/port v000001c9016ccfb0, 908;
E_000001c90169d040/243 .event anyedge, v000001c9016ccfb0_905, v000001c9016ccfb0_906, v000001c9016ccfb0_907, v000001c9016ccfb0_908;
v000001c9016ccfb0_909 .array/port v000001c9016ccfb0, 909;
v000001c9016ccfb0_910 .array/port v000001c9016ccfb0, 910;
v000001c9016ccfb0_911 .array/port v000001c9016ccfb0, 911;
v000001c9016ccfb0_912 .array/port v000001c9016ccfb0, 912;
E_000001c90169d040/244 .event anyedge, v000001c9016ccfb0_909, v000001c9016ccfb0_910, v000001c9016ccfb0_911, v000001c9016ccfb0_912;
v000001c9016ccfb0_913 .array/port v000001c9016ccfb0, 913;
v000001c9016ccfb0_914 .array/port v000001c9016ccfb0, 914;
v000001c9016ccfb0_915 .array/port v000001c9016ccfb0, 915;
v000001c9016ccfb0_916 .array/port v000001c9016ccfb0, 916;
E_000001c90169d040/245 .event anyedge, v000001c9016ccfb0_913, v000001c9016ccfb0_914, v000001c9016ccfb0_915, v000001c9016ccfb0_916;
v000001c9016ccfb0_917 .array/port v000001c9016ccfb0, 917;
v000001c9016ccfb0_918 .array/port v000001c9016ccfb0, 918;
v000001c9016ccfb0_919 .array/port v000001c9016ccfb0, 919;
v000001c9016ccfb0_920 .array/port v000001c9016ccfb0, 920;
E_000001c90169d040/246 .event anyedge, v000001c9016ccfb0_917, v000001c9016ccfb0_918, v000001c9016ccfb0_919, v000001c9016ccfb0_920;
v000001c9016ccfb0_921 .array/port v000001c9016ccfb0, 921;
v000001c9016ccfb0_922 .array/port v000001c9016ccfb0, 922;
v000001c9016ccfb0_923 .array/port v000001c9016ccfb0, 923;
v000001c9016ccfb0_924 .array/port v000001c9016ccfb0, 924;
E_000001c90169d040/247 .event anyedge, v000001c9016ccfb0_921, v000001c9016ccfb0_922, v000001c9016ccfb0_923, v000001c9016ccfb0_924;
v000001c9016ccfb0_925 .array/port v000001c9016ccfb0, 925;
v000001c9016ccfb0_926 .array/port v000001c9016ccfb0, 926;
v000001c9016ccfb0_927 .array/port v000001c9016ccfb0, 927;
v000001c9016ccfb0_928 .array/port v000001c9016ccfb0, 928;
E_000001c90169d040/248 .event anyedge, v000001c9016ccfb0_925, v000001c9016ccfb0_926, v000001c9016ccfb0_927, v000001c9016ccfb0_928;
v000001c9016ccfb0_929 .array/port v000001c9016ccfb0, 929;
v000001c9016ccfb0_930 .array/port v000001c9016ccfb0, 930;
v000001c9016ccfb0_931 .array/port v000001c9016ccfb0, 931;
v000001c9016ccfb0_932 .array/port v000001c9016ccfb0, 932;
E_000001c90169d040/249 .event anyedge, v000001c9016ccfb0_929, v000001c9016ccfb0_930, v000001c9016ccfb0_931, v000001c9016ccfb0_932;
v000001c9016ccfb0_933 .array/port v000001c9016ccfb0, 933;
v000001c9016ccfb0_934 .array/port v000001c9016ccfb0, 934;
v000001c9016ccfb0_935 .array/port v000001c9016ccfb0, 935;
v000001c9016ccfb0_936 .array/port v000001c9016ccfb0, 936;
E_000001c90169d040/250 .event anyedge, v000001c9016ccfb0_933, v000001c9016ccfb0_934, v000001c9016ccfb0_935, v000001c9016ccfb0_936;
v000001c9016ccfb0_937 .array/port v000001c9016ccfb0, 937;
v000001c9016ccfb0_938 .array/port v000001c9016ccfb0, 938;
v000001c9016ccfb0_939 .array/port v000001c9016ccfb0, 939;
v000001c9016ccfb0_940 .array/port v000001c9016ccfb0, 940;
E_000001c90169d040/251 .event anyedge, v000001c9016ccfb0_937, v000001c9016ccfb0_938, v000001c9016ccfb0_939, v000001c9016ccfb0_940;
v000001c9016ccfb0_941 .array/port v000001c9016ccfb0, 941;
v000001c9016ccfb0_942 .array/port v000001c9016ccfb0, 942;
v000001c9016ccfb0_943 .array/port v000001c9016ccfb0, 943;
v000001c9016ccfb0_944 .array/port v000001c9016ccfb0, 944;
E_000001c90169d040/252 .event anyedge, v000001c9016ccfb0_941, v000001c9016ccfb0_942, v000001c9016ccfb0_943, v000001c9016ccfb0_944;
v000001c9016ccfb0_945 .array/port v000001c9016ccfb0, 945;
v000001c9016ccfb0_946 .array/port v000001c9016ccfb0, 946;
v000001c9016ccfb0_947 .array/port v000001c9016ccfb0, 947;
v000001c9016ccfb0_948 .array/port v000001c9016ccfb0, 948;
E_000001c90169d040/253 .event anyedge, v000001c9016ccfb0_945, v000001c9016ccfb0_946, v000001c9016ccfb0_947, v000001c9016ccfb0_948;
v000001c9016ccfb0_949 .array/port v000001c9016ccfb0, 949;
v000001c9016ccfb0_950 .array/port v000001c9016ccfb0, 950;
v000001c9016ccfb0_951 .array/port v000001c9016ccfb0, 951;
v000001c9016ccfb0_952 .array/port v000001c9016ccfb0, 952;
E_000001c90169d040/254 .event anyedge, v000001c9016ccfb0_949, v000001c9016ccfb0_950, v000001c9016ccfb0_951, v000001c9016ccfb0_952;
v000001c9016ccfb0_953 .array/port v000001c9016ccfb0, 953;
v000001c9016ccfb0_954 .array/port v000001c9016ccfb0, 954;
v000001c9016ccfb0_955 .array/port v000001c9016ccfb0, 955;
v000001c9016ccfb0_956 .array/port v000001c9016ccfb0, 956;
E_000001c90169d040/255 .event anyedge, v000001c9016ccfb0_953, v000001c9016ccfb0_954, v000001c9016ccfb0_955, v000001c9016ccfb0_956;
v000001c9016ccfb0_957 .array/port v000001c9016ccfb0, 957;
v000001c9016ccfb0_958 .array/port v000001c9016ccfb0, 958;
v000001c9016ccfb0_959 .array/port v000001c9016ccfb0, 959;
v000001c9016ccfb0_960 .array/port v000001c9016ccfb0, 960;
E_000001c90169d040/256 .event anyedge, v000001c9016ccfb0_957, v000001c9016ccfb0_958, v000001c9016ccfb0_959, v000001c9016ccfb0_960;
v000001c9016ccfb0_961 .array/port v000001c9016ccfb0, 961;
v000001c9016ccfb0_962 .array/port v000001c9016ccfb0, 962;
v000001c9016ccfb0_963 .array/port v000001c9016ccfb0, 963;
v000001c9016ccfb0_964 .array/port v000001c9016ccfb0, 964;
E_000001c90169d040/257 .event anyedge, v000001c9016ccfb0_961, v000001c9016ccfb0_962, v000001c9016ccfb0_963, v000001c9016ccfb0_964;
v000001c9016ccfb0_965 .array/port v000001c9016ccfb0, 965;
v000001c9016ccfb0_966 .array/port v000001c9016ccfb0, 966;
v000001c9016ccfb0_967 .array/port v000001c9016ccfb0, 967;
v000001c9016ccfb0_968 .array/port v000001c9016ccfb0, 968;
E_000001c90169d040/258 .event anyedge, v000001c9016ccfb0_965, v000001c9016ccfb0_966, v000001c9016ccfb0_967, v000001c9016ccfb0_968;
v000001c9016ccfb0_969 .array/port v000001c9016ccfb0, 969;
v000001c9016ccfb0_970 .array/port v000001c9016ccfb0, 970;
v000001c9016ccfb0_971 .array/port v000001c9016ccfb0, 971;
v000001c9016ccfb0_972 .array/port v000001c9016ccfb0, 972;
E_000001c90169d040/259 .event anyedge, v000001c9016ccfb0_969, v000001c9016ccfb0_970, v000001c9016ccfb0_971, v000001c9016ccfb0_972;
v000001c9016ccfb0_973 .array/port v000001c9016ccfb0, 973;
v000001c9016ccfb0_974 .array/port v000001c9016ccfb0, 974;
v000001c9016ccfb0_975 .array/port v000001c9016ccfb0, 975;
v000001c9016ccfb0_976 .array/port v000001c9016ccfb0, 976;
E_000001c90169d040/260 .event anyedge, v000001c9016ccfb0_973, v000001c9016ccfb0_974, v000001c9016ccfb0_975, v000001c9016ccfb0_976;
v000001c9016ccfb0_977 .array/port v000001c9016ccfb0, 977;
v000001c9016ccfb0_978 .array/port v000001c9016ccfb0, 978;
v000001c9016ccfb0_979 .array/port v000001c9016ccfb0, 979;
v000001c9016ccfb0_980 .array/port v000001c9016ccfb0, 980;
E_000001c90169d040/261 .event anyedge, v000001c9016ccfb0_977, v000001c9016ccfb0_978, v000001c9016ccfb0_979, v000001c9016ccfb0_980;
v000001c9016ccfb0_981 .array/port v000001c9016ccfb0, 981;
v000001c9016ccfb0_982 .array/port v000001c9016ccfb0, 982;
v000001c9016ccfb0_983 .array/port v000001c9016ccfb0, 983;
v000001c9016ccfb0_984 .array/port v000001c9016ccfb0, 984;
E_000001c90169d040/262 .event anyedge, v000001c9016ccfb0_981, v000001c9016ccfb0_982, v000001c9016ccfb0_983, v000001c9016ccfb0_984;
v000001c9016ccfb0_985 .array/port v000001c9016ccfb0, 985;
v000001c9016ccfb0_986 .array/port v000001c9016ccfb0, 986;
v000001c9016ccfb0_987 .array/port v000001c9016ccfb0, 987;
v000001c9016ccfb0_988 .array/port v000001c9016ccfb0, 988;
E_000001c90169d040/263 .event anyedge, v000001c9016ccfb0_985, v000001c9016ccfb0_986, v000001c9016ccfb0_987, v000001c9016ccfb0_988;
v000001c9016ccfb0_989 .array/port v000001c9016ccfb0, 989;
v000001c9016ccfb0_990 .array/port v000001c9016ccfb0, 990;
v000001c9016ccfb0_991 .array/port v000001c9016ccfb0, 991;
v000001c9016ccfb0_992 .array/port v000001c9016ccfb0, 992;
E_000001c90169d040/264 .event anyedge, v000001c9016ccfb0_989, v000001c9016ccfb0_990, v000001c9016ccfb0_991, v000001c9016ccfb0_992;
v000001c9016ccfb0_993 .array/port v000001c9016ccfb0, 993;
v000001c9016ccfb0_994 .array/port v000001c9016ccfb0, 994;
v000001c9016ccfb0_995 .array/port v000001c9016ccfb0, 995;
v000001c9016ccfb0_996 .array/port v000001c9016ccfb0, 996;
E_000001c90169d040/265 .event anyedge, v000001c9016ccfb0_993, v000001c9016ccfb0_994, v000001c9016ccfb0_995, v000001c9016ccfb0_996;
v000001c9016ccfb0_997 .array/port v000001c9016ccfb0, 997;
v000001c9016ccfb0_998 .array/port v000001c9016ccfb0, 998;
v000001c9016ccfb0_999 .array/port v000001c9016ccfb0, 999;
v000001c9016ccfb0_1000 .array/port v000001c9016ccfb0, 1000;
E_000001c90169d040/266 .event anyedge, v000001c9016ccfb0_997, v000001c9016ccfb0_998, v000001c9016ccfb0_999, v000001c9016ccfb0_1000;
v000001c9016ccfb0_1001 .array/port v000001c9016ccfb0, 1001;
v000001c9016ccfb0_1002 .array/port v000001c9016ccfb0, 1002;
v000001c9016ccfb0_1003 .array/port v000001c9016ccfb0, 1003;
v000001c9016ccfb0_1004 .array/port v000001c9016ccfb0, 1004;
E_000001c90169d040/267 .event anyedge, v000001c9016ccfb0_1001, v000001c9016ccfb0_1002, v000001c9016ccfb0_1003, v000001c9016ccfb0_1004;
v000001c9016ccfb0_1005 .array/port v000001c9016ccfb0, 1005;
v000001c9016ccfb0_1006 .array/port v000001c9016ccfb0, 1006;
v000001c9016ccfb0_1007 .array/port v000001c9016ccfb0, 1007;
v000001c9016ccfb0_1008 .array/port v000001c9016ccfb0, 1008;
E_000001c90169d040/268 .event anyedge, v000001c9016ccfb0_1005, v000001c9016ccfb0_1006, v000001c9016ccfb0_1007, v000001c9016ccfb0_1008;
v000001c9016ccfb0_1009 .array/port v000001c9016ccfb0, 1009;
v000001c9016ccfb0_1010 .array/port v000001c9016ccfb0, 1010;
v000001c9016ccfb0_1011 .array/port v000001c9016ccfb0, 1011;
v000001c9016ccfb0_1012 .array/port v000001c9016ccfb0, 1012;
E_000001c90169d040/269 .event anyedge, v000001c9016ccfb0_1009, v000001c9016ccfb0_1010, v000001c9016ccfb0_1011, v000001c9016ccfb0_1012;
v000001c9016ccfb0_1013 .array/port v000001c9016ccfb0, 1013;
v000001c9016ccfb0_1014 .array/port v000001c9016ccfb0, 1014;
v000001c9016ccfb0_1015 .array/port v000001c9016ccfb0, 1015;
v000001c9016ccfb0_1016 .array/port v000001c9016ccfb0, 1016;
E_000001c90169d040/270 .event anyedge, v000001c9016ccfb0_1013, v000001c9016ccfb0_1014, v000001c9016ccfb0_1015, v000001c9016ccfb0_1016;
v000001c9016ccfb0_1017 .array/port v000001c9016ccfb0, 1017;
v000001c9016ccfb0_1018 .array/port v000001c9016ccfb0, 1018;
v000001c9016ccfb0_1019 .array/port v000001c9016ccfb0, 1019;
v000001c9016ccfb0_1020 .array/port v000001c9016ccfb0, 1020;
E_000001c90169d040/271 .event anyedge, v000001c9016ccfb0_1017, v000001c9016ccfb0_1018, v000001c9016ccfb0_1019, v000001c9016ccfb0_1020;
v000001c9016ccfb0_1021 .array/port v000001c9016ccfb0, 1021;
v000001c9016ccfb0_1022 .array/port v000001c9016ccfb0, 1022;
v000001c9016ccfb0_1023 .array/port v000001c9016ccfb0, 1023;
E_000001c90169d040/272 .event anyedge, v000001c9016ccfb0_1021, v000001c9016ccfb0_1022, v000001c9016ccfb0_1023, v000001c9016cc680_0;
v000001c9016cc860_0 .array/port v000001c9016cc860, 0;
v000001c9016cc860_1 .array/port v000001c9016cc860, 1;
v000001c9016cc860_2 .array/port v000001c9016cc860, 2;
v000001c9016cc860_3 .array/port v000001c9016cc860, 3;
E_000001c90169d040/273 .event anyedge, v000001c9016cc860_0, v000001c9016cc860_1, v000001c9016cc860_2, v000001c9016cc860_3;
v000001c9016cc860_4 .array/port v000001c9016cc860, 4;
v000001c9016cc860_5 .array/port v000001c9016cc860, 5;
v000001c9016cc860_6 .array/port v000001c9016cc860, 6;
v000001c9016cc860_7 .array/port v000001c9016cc860, 7;
E_000001c90169d040/274 .event anyedge, v000001c9016cc860_4, v000001c9016cc860_5, v000001c9016cc860_6, v000001c9016cc860_7;
v000001c9016cc860_8 .array/port v000001c9016cc860, 8;
v000001c9016cc860_9 .array/port v000001c9016cc860, 9;
v000001c9016cc860_10 .array/port v000001c9016cc860, 10;
v000001c9016cc860_11 .array/port v000001c9016cc860, 11;
E_000001c90169d040/275 .event anyedge, v000001c9016cc860_8, v000001c9016cc860_9, v000001c9016cc860_10, v000001c9016cc860_11;
v000001c9016cc860_12 .array/port v000001c9016cc860, 12;
v000001c9016cc860_13 .array/port v000001c9016cc860, 13;
v000001c9016cc860_14 .array/port v000001c9016cc860, 14;
v000001c9016cc860_15 .array/port v000001c9016cc860, 15;
E_000001c90169d040/276 .event anyedge, v000001c9016cc860_12, v000001c9016cc860_13, v000001c9016cc860_14, v000001c9016cc860_15;
v000001c9016cd690_0 .array/port v000001c9016cd690, 0;
v000001c9016cd690_1 .array/port v000001c9016cd690, 1;
v000001c9016cd690_2 .array/port v000001c9016cd690, 2;
E_000001c90169d040/277 .event anyedge, v000001c9016cbc80_0, v000001c9016cd690_0, v000001c9016cd690_1, v000001c9016cd690_2;
v000001c9016cd690_3 .array/port v000001c9016cd690, 3;
v000001c9016cd690_4 .array/port v000001c9016cd690, 4;
v000001c9016cd690_5 .array/port v000001c9016cd690, 5;
v000001c9016cd690_6 .array/port v000001c9016cd690, 6;
E_000001c90169d040/278 .event anyedge, v000001c9016cd690_3, v000001c9016cd690_4, v000001c9016cd690_5, v000001c9016cd690_6;
v000001c9016cd690_7 .array/port v000001c9016cd690, 7;
v000001c9016cd690_8 .array/port v000001c9016cd690, 8;
v000001c9016cd690_9 .array/port v000001c9016cd690, 9;
v000001c9016cd690_10 .array/port v000001c9016cd690, 10;
E_000001c90169d040/279 .event anyedge, v000001c9016cd690_7, v000001c9016cd690_8, v000001c9016cd690_9, v000001c9016cd690_10;
v000001c9016cd690_11 .array/port v000001c9016cd690, 11;
v000001c9016cd690_12 .array/port v000001c9016cd690, 12;
v000001c9016cd690_13 .array/port v000001c9016cd690, 13;
v000001c9016cd690_14 .array/port v000001c9016cd690, 14;
E_000001c90169d040/280 .event anyedge, v000001c9016cd690_11, v000001c9016cd690_12, v000001c9016cd690_13, v000001c9016cd690_14;
v000001c9016cd690_15 .array/port v000001c9016cd690, 15;
v000001c9016cd690_16 .array/port v000001c9016cd690, 16;
v000001c9016cd690_17 .array/port v000001c9016cd690, 17;
v000001c9016cd690_18 .array/port v000001c9016cd690, 18;
E_000001c90169d040/281 .event anyedge, v000001c9016cd690_15, v000001c9016cd690_16, v000001c9016cd690_17, v000001c9016cd690_18;
v000001c9016cd690_19 .array/port v000001c9016cd690, 19;
v000001c9016cd690_20 .array/port v000001c9016cd690, 20;
v000001c9016cd690_21 .array/port v000001c9016cd690, 21;
v000001c9016cd690_22 .array/port v000001c9016cd690, 22;
E_000001c90169d040/282 .event anyedge, v000001c9016cd690_19, v000001c9016cd690_20, v000001c9016cd690_21, v000001c9016cd690_22;
v000001c9016cd690_23 .array/port v000001c9016cd690, 23;
v000001c9016cd690_24 .array/port v000001c9016cd690, 24;
v000001c9016cd690_25 .array/port v000001c9016cd690, 25;
v000001c9016cd690_26 .array/port v000001c9016cd690, 26;
E_000001c90169d040/283 .event anyedge, v000001c9016cd690_23, v000001c9016cd690_24, v000001c9016cd690_25, v000001c9016cd690_26;
v000001c9016cd690_27 .array/port v000001c9016cd690, 27;
v000001c9016cd690_28 .array/port v000001c9016cd690, 28;
v000001c9016cd690_29 .array/port v000001c9016cd690, 29;
v000001c9016cd690_30 .array/port v000001c9016cd690, 30;
E_000001c90169d040/284 .event anyedge, v000001c9016cd690_27, v000001c9016cd690_28, v000001c9016cd690_29, v000001c9016cd690_30;
v000001c9016cd690_31 .array/port v000001c9016cd690, 31;
v000001c9016cd690_32 .array/port v000001c9016cd690, 32;
v000001c9016cd690_33 .array/port v000001c9016cd690, 33;
v000001c9016cd690_34 .array/port v000001c9016cd690, 34;
E_000001c90169d040/285 .event anyedge, v000001c9016cd690_31, v000001c9016cd690_32, v000001c9016cd690_33, v000001c9016cd690_34;
v000001c9016cd690_35 .array/port v000001c9016cd690, 35;
v000001c9016cd690_36 .array/port v000001c9016cd690, 36;
v000001c9016cd690_37 .array/port v000001c9016cd690, 37;
v000001c9016cd690_38 .array/port v000001c9016cd690, 38;
E_000001c90169d040/286 .event anyedge, v000001c9016cd690_35, v000001c9016cd690_36, v000001c9016cd690_37, v000001c9016cd690_38;
v000001c9016cd690_39 .array/port v000001c9016cd690, 39;
v000001c9016cd690_40 .array/port v000001c9016cd690, 40;
v000001c9016cd690_41 .array/port v000001c9016cd690, 41;
v000001c9016cd690_42 .array/port v000001c9016cd690, 42;
E_000001c90169d040/287 .event anyedge, v000001c9016cd690_39, v000001c9016cd690_40, v000001c9016cd690_41, v000001c9016cd690_42;
v000001c9016cd690_43 .array/port v000001c9016cd690, 43;
v000001c9016cd690_44 .array/port v000001c9016cd690, 44;
v000001c9016cd690_45 .array/port v000001c9016cd690, 45;
v000001c9016cd690_46 .array/port v000001c9016cd690, 46;
E_000001c90169d040/288 .event anyedge, v000001c9016cd690_43, v000001c9016cd690_44, v000001c9016cd690_45, v000001c9016cd690_46;
v000001c9016cd690_47 .array/port v000001c9016cd690, 47;
v000001c9016cd690_48 .array/port v000001c9016cd690, 48;
v000001c9016cd690_49 .array/port v000001c9016cd690, 49;
v000001c9016cd690_50 .array/port v000001c9016cd690, 50;
E_000001c90169d040/289 .event anyedge, v000001c9016cd690_47, v000001c9016cd690_48, v000001c9016cd690_49, v000001c9016cd690_50;
v000001c9016cd690_51 .array/port v000001c9016cd690, 51;
v000001c9016cd690_52 .array/port v000001c9016cd690, 52;
v000001c9016cd690_53 .array/port v000001c9016cd690, 53;
v000001c9016cd690_54 .array/port v000001c9016cd690, 54;
E_000001c90169d040/290 .event anyedge, v000001c9016cd690_51, v000001c9016cd690_52, v000001c9016cd690_53, v000001c9016cd690_54;
v000001c9016cd690_55 .array/port v000001c9016cd690, 55;
v000001c9016cd690_56 .array/port v000001c9016cd690, 56;
v000001c9016cd690_57 .array/port v000001c9016cd690, 57;
v000001c9016cd690_58 .array/port v000001c9016cd690, 58;
E_000001c90169d040/291 .event anyedge, v000001c9016cd690_55, v000001c9016cd690_56, v000001c9016cd690_57, v000001c9016cd690_58;
v000001c9016cd690_59 .array/port v000001c9016cd690, 59;
v000001c9016cd690_60 .array/port v000001c9016cd690, 60;
v000001c9016cd690_61 .array/port v000001c9016cd690, 61;
v000001c9016cd690_62 .array/port v000001c9016cd690, 62;
E_000001c90169d040/292 .event anyedge, v000001c9016cd690_59, v000001c9016cd690_60, v000001c9016cd690_61, v000001c9016cd690_62;
v000001c9016cd690_63 .array/port v000001c9016cd690, 63;
v000001c9016cd690_64 .array/port v000001c9016cd690, 64;
v000001c9016cd690_65 .array/port v000001c9016cd690, 65;
v000001c9016cd690_66 .array/port v000001c9016cd690, 66;
E_000001c90169d040/293 .event anyedge, v000001c9016cd690_63, v000001c9016cd690_64, v000001c9016cd690_65, v000001c9016cd690_66;
v000001c9016cd690_67 .array/port v000001c9016cd690, 67;
v000001c9016cd690_68 .array/port v000001c9016cd690, 68;
v000001c9016cd690_69 .array/port v000001c9016cd690, 69;
v000001c9016cd690_70 .array/port v000001c9016cd690, 70;
E_000001c90169d040/294 .event anyedge, v000001c9016cd690_67, v000001c9016cd690_68, v000001c9016cd690_69, v000001c9016cd690_70;
v000001c9016cd690_71 .array/port v000001c9016cd690, 71;
v000001c9016cd690_72 .array/port v000001c9016cd690, 72;
v000001c9016cd690_73 .array/port v000001c9016cd690, 73;
v000001c9016cd690_74 .array/port v000001c9016cd690, 74;
E_000001c90169d040/295 .event anyedge, v000001c9016cd690_71, v000001c9016cd690_72, v000001c9016cd690_73, v000001c9016cd690_74;
v000001c9016cd690_75 .array/port v000001c9016cd690, 75;
v000001c9016cd690_76 .array/port v000001c9016cd690, 76;
v000001c9016cd690_77 .array/port v000001c9016cd690, 77;
v000001c9016cd690_78 .array/port v000001c9016cd690, 78;
E_000001c90169d040/296 .event anyedge, v000001c9016cd690_75, v000001c9016cd690_76, v000001c9016cd690_77, v000001c9016cd690_78;
v000001c9016cd690_79 .array/port v000001c9016cd690, 79;
v000001c9016cd690_80 .array/port v000001c9016cd690, 80;
v000001c9016cd690_81 .array/port v000001c9016cd690, 81;
v000001c9016cd690_82 .array/port v000001c9016cd690, 82;
E_000001c90169d040/297 .event anyedge, v000001c9016cd690_79, v000001c9016cd690_80, v000001c9016cd690_81, v000001c9016cd690_82;
v000001c9016cd690_83 .array/port v000001c9016cd690, 83;
v000001c9016cd690_84 .array/port v000001c9016cd690, 84;
v000001c9016cd690_85 .array/port v000001c9016cd690, 85;
v000001c9016cd690_86 .array/port v000001c9016cd690, 86;
E_000001c90169d040/298 .event anyedge, v000001c9016cd690_83, v000001c9016cd690_84, v000001c9016cd690_85, v000001c9016cd690_86;
v000001c9016cd690_87 .array/port v000001c9016cd690, 87;
v000001c9016cd690_88 .array/port v000001c9016cd690, 88;
v000001c9016cd690_89 .array/port v000001c9016cd690, 89;
v000001c9016cd690_90 .array/port v000001c9016cd690, 90;
E_000001c90169d040/299 .event anyedge, v000001c9016cd690_87, v000001c9016cd690_88, v000001c9016cd690_89, v000001c9016cd690_90;
v000001c9016cd690_91 .array/port v000001c9016cd690, 91;
v000001c9016cd690_92 .array/port v000001c9016cd690, 92;
v000001c9016cd690_93 .array/port v000001c9016cd690, 93;
v000001c9016cd690_94 .array/port v000001c9016cd690, 94;
E_000001c90169d040/300 .event anyedge, v000001c9016cd690_91, v000001c9016cd690_92, v000001c9016cd690_93, v000001c9016cd690_94;
v000001c9016cd690_95 .array/port v000001c9016cd690, 95;
v000001c9016cd690_96 .array/port v000001c9016cd690, 96;
v000001c9016cd690_97 .array/port v000001c9016cd690, 97;
v000001c9016cd690_98 .array/port v000001c9016cd690, 98;
E_000001c90169d040/301 .event anyedge, v000001c9016cd690_95, v000001c9016cd690_96, v000001c9016cd690_97, v000001c9016cd690_98;
v000001c9016cd690_99 .array/port v000001c9016cd690, 99;
v000001c9016cd690_100 .array/port v000001c9016cd690, 100;
v000001c9016cd690_101 .array/port v000001c9016cd690, 101;
v000001c9016cd690_102 .array/port v000001c9016cd690, 102;
E_000001c90169d040/302 .event anyedge, v000001c9016cd690_99, v000001c9016cd690_100, v000001c9016cd690_101, v000001c9016cd690_102;
v000001c9016cd690_103 .array/port v000001c9016cd690, 103;
v000001c9016cd690_104 .array/port v000001c9016cd690, 104;
v000001c9016cd690_105 .array/port v000001c9016cd690, 105;
v000001c9016cd690_106 .array/port v000001c9016cd690, 106;
E_000001c90169d040/303 .event anyedge, v000001c9016cd690_103, v000001c9016cd690_104, v000001c9016cd690_105, v000001c9016cd690_106;
v000001c9016cd690_107 .array/port v000001c9016cd690, 107;
v000001c9016cd690_108 .array/port v000001c9016cd690, 108;
v000001c9016cd690_109 .array/port v000001c9016cd690, 109;
v000001c9016cd690_110 .array/port v000001c9016cd690, 110;
E_000001c90169d040/304 .event anyedge, v000001c9016cd690_107, v000001c9016cd690_108, v000001c9016cd690_109, v000001c9016cd690_110;
v000001c9016cd690_111 .array/port v000001c9016cd690, 111;
v000001c9016cd690_112 .array/port v000001c9016cd690, 112;
v000001c9016cd690_113 .array/port v000001c9016cd690, 113;
v000001c9016cd690_114 .array/port v000001c9016cd690, 114;
E_000001c90169d040/305 .event anyedge, v000001c9016cd690_111, v000001c9016cd690_112, v000001c9016cd690_113, v000001c9016cd690_114;
v000001c9016cd690_115 .array/port v000001c9016cd690, 115;
v000001c9016cd690_116 .array/port v000001c9016cd690, 116;
v000001c9016cd690_117 .array/port v000001c9016cd690, 117;
v000001c9016cd690_118 .array/port v000001c9016cd690, 118;
E_000001c90169d040/306 .event anyedge, v000001c9016cd690_115, v000001c9016cd690_116, v000001c9016cd690_117, v000001c9016cd690_118;
v000001c9016cd690_119 .array/port v000001c9016cd690, 119;
v000001c9016cd690_120 .array/port v000001c9016cd690, 120;
v000001c9016cd690_121 .array/port v000001c9016cd690, 121;
v000001c9016cd690_122 .array/port v000001c9016cd690, 122;
E_000001c90169d040/307 .event anyedge, v000001c9016cd690_119, v000001c9016cd690_120, v000001c9016cd690_121, v000001c9016cd690_122;
v000001c9016cd690_123 .array/port v000001c9016cd690, 123;
v000001c9016cd690_124 .array/port v000001c9016cd690, 124;
v000001c9016cd690_125 .array/port v000001c9016cd690, 125;
v000001c9016cd690_126 .array/port v000001c9016cd690, 126;
E_000001c90169d040/308 .event anyedge, v000001c9016cd690_123, v000001c9016cd690_124, v000001c9016cd690_125, v000001c9016cd690_126;
v000001c9016cd690_127 .array/port v000001c9016cd690, 127;
v000001c9016cd690_128 .array/port v000001c9016cd690, 128;
v000001c9016cd690_129 .array/port v000001c9016cd690, 129;
v000001c9016cd690_130 .array/port v000001c9016cd690, 130;
E_000001c90169d040/309 .event anyedge, v000001c9016cd690_127, v000001c9016cd690_128, v000001c9016cd690_129, v000001c9016cd690_130;
v000001c9016cd690_131 .array/port v000001c9016cd690, 131;
v000001c9016cd690_132 .array/port v000001c9016cd690, 132;
v000001c9016cd690_133 .array/port v000001c9016cd690, 133;
v000001c9016cd690_134 .array/port v000001c9016cd690, 134;
E_000001c90169d040/310 .event anyedge, v000001c9016cd690_131, v000001c9016cd690_132, v000001c9016cd690_133, v000001c9016cd690_134;
v000001c9016cd690_135 .array/port v000001c9016cd690, 135;
v000001c9016cd690_136 .array/port v000001c9016cd690, 136;
v000001c9016cd690_137 .array/port v000001c9016cd690, 137;
v000001c9016cd690_138 .array/port v000001c9016cd690, 138;
E_000001c90169d040/311 .event anyedge, v000001c9016cd690_135, v000001c9016cd690_136, v000001c9016cd690_137, v000001c9016cd690_138;
v000001c9016cd690_139 .array/port v000001c9016cd690, 139;
v000001c9016cd690_140 .array/port v000001c9016cd690, 140;
v000001c9016cd690_141 .array/port v000001c9016cd690, 141;
v000001c9016cd690_142 .array/port v000001c9016cd690, 142;
E_000001c90169d040/312 .event anyedge, v000001c9016cd690_139, v000001c9016cd690_140, v000001c9016cd690_141, v000001c9016cd690_142;
v000001c9016cd690_143 .array/port v000001c9016cd690, 143;
v000001c9016cd690_144 .array/port v000001c9016cd690, 144;
v000001c9016cd690_145 .array/port v000001c9016cd690, 145;
v000001c9016cd690_146 .array/port v000001c9016cd690, 146;
E_000001c90169d040/313 .event anyedge, v000001c9016cd690_143, v000001c9016cd690_144, v000001c9016cd690_145, v000001c9016cd690_146;
v000001c9016cd690_147 .array/port v000001c9016cd690, 147;
v000001c9016cd690_148 .array/port v000001c9016cd690, 148;
v000001c9016cd690_149 .array/port v000001c9016cd690, 149;
v000001c9016cd690_150 .array/port v000001c9016cd690, 150;
E_000001c90169d040/314 .event anyedge, v000001c9016cd690_147, v000001c9016cd690_148, v000001c9016cd690_149, v000001c9016cd690_150;
v000001c9016cd690_151 .array/port v000001c9016cd690, 151;
v000001c9016cd690_152 .array/port v000001c9016cd690, 152;
v000001c9016cd690_153 .array/port v000001c9016cd690, 153;
v000001c9016cd690_154 .array/port v000001c9016cd690, 154;
E_000001c90169d040/315 .event anyedge, v000001c9016cd690_151, v000001c9016cd690_152, v000001c9016cd690_153, v000001c9016cd690_154;
v000001c9016cd690_155 .array/port v000001c9016cd690, 155;
v000001c9016cd690_156 .array/port v000001c9016cd690, 156;
v000001c9016cd690_157 .array/port v000001c9016cd690, 157;
v000001c9016cd690_158 .array/port v000001c9016cd690, 158;
E_000001c90169d040/316 .event anyedge, v000001c9016cd690_155, v000001c9016cd690_156, v000001c9016cd690_157, v000001c9016cd690_158;
v000001c9016cd690_159 .array/port v000001c9016cd690, 159;
E_000001c90169d040/317 .event anyedge, v000001c9016cd690_159;
E_000001c90169d040 .event/or E_000001c90169d040/0, E_000001c90169d040/1, E_000001c90169d040/2, E_000001c90169d040/3, E_000001c90169d040/4, E_000001c90169d040/5, E_000001c90169d040/6, E_000001c90169d040/7, E_000001c90169d040/8, E_000001c90169d040/9, E_000001c90169d040/10, E_000001c90169d040/11, E_000001c90169d040/12, E_000001c90169d040/13, E_000001c90169d040/14, E_000001c90169d040/15, E_000001c90169d040/16, E_000001c90169d040/17, E_000001c90169d040/18, E_000001c90169d040/19, E_000001c90169d040/20, E_000001c90169d040/21, E_000001c90169d040/22, E_000001c90169d040/23, E_000001c90169d040/24, E_000001c90169d040/25, E_000001c90169d040/26, E_000001c90169d040/27, E_000001c90169d040/28, E_000001c90169d040/29, E_000001c90169d040/30, E_000001c90169d040/31, E_000001c90169d040/32, E_000001c90169d040/33, E_000001c90169d040/34, E_000001c90169d040/35, E_000001c90169d040/36, E_000001c90169d040/37, E_000001c90169d040/38, E_000001c90169d040/39, E_000001c90169d040/40, E_000001c90169d040/41, E_000001c90169d040/42, E_000001c90169d040/43, E_000001c90169d040/44, E_000001c90169d040/45, E_000001c90169d040/46, E_000001c90169d040/47, E_000001c90169d040/48, E_000001c90169d040/49, E_000001c90169d040/50, E_000001c90169d040/51, E_000001c90169d040/52, E_000001c90169d040/53, E_000001c90169d040/54, E_000001c90169d040/55, E_000001c90169d040/56, E_000001c90169d040/57, E_000001c90169d040/58, E_000001c90169d040/59, E_000001c90169d040/60, E_000001c90169d040/61, E_000001c90169d040/62, E_000001c90169d040/63, E_000001c90169d040/64, E_000001c90169d040/65, E_000001c90169d040/66, E_000001c90169d040/67, E_000001c90169d040/68, E_000001c90169d040/69, E_000001c90169d040/70, E_000001c90169d040/71, E_000001c90169d040/72, E_000001c90169d040/73, E_000001c90169d040/74, E_000001c90169d040/75, E_000001c90169d040/76, E_000001c90169d040/77, E_000001c90169d040/78, E_000001c90169d040/79, E_000001c90169d040/80, E_000001c90169d040/81, E_000001c90169d040/82, E_000001c90169d040/83, E_000001c90169d040/84, E_000001c90169d040/85, E_000001c90169d040/86, E_000001c90169d040/87, E_000001c90169d040/88, E_000001c90169d040/89, E_000001c90169d040/90, E_000001c90169d040/91, E_000001c90169d040/92, E_000001c90169d040/93, E_000001c90169d040/94, E_000001c90169d040/95, E_000001c90169d040/96, E_000001c90169d040/97, E_000001c90169d040/98, E_000001c90169d040/99, E_000001c90169d040/100, E_000001c90169d040/101, E_000001c90169d040/102, E_000001c90169d040/103, E_000001c90169d040/104, E_000001c90169d040/105, E_000001c90169d040/106, E_000001c90169d040/107, E_000001c90169d040/108, E_000001c90169d040/109, E_000001c90169d040/110, E_000001c90169d040/111, E_000001c90169d040/112, E_000001c90169d040/113, E_000001c90169d040/114, E_000001c90169d040/115, E_000001c90169d040/116, E_000001c90169d040/117, E_000001c90169d040/118, E_000001c90169d040/119, E_000001c90169d040/120, E_000001c90169d040/121, E_000001c90169d040/122, E_000001c90169d040/123, E_000001c90169d040/124, E_000001c90169d040/125, E_000001c90169d040/126, E_000001c90169d040/127, E_000001c90169d040/128, E_000001c90169d040/129, E_000001c90169d040/130, E_000001c90169d040/131, E_000001c90169d040/132, E_000001c90169d040/133, E_000001c90169d040/134, E_000001c90169d040/135, E_000001c90169d040/136, E_000001c90169d040/137, E_000001c90169d040/138, E_000001c90169d040/139, E_000001c90169d040/140, E_000001c90169d040/141, E_000001c90169d040/142, E_000001c90169d040/143, E_000001c90169d040/144, E_000001c90169d040/145, E_000001c90169d040/146, E_000001c90169d040/147, E_000001c90169d040/148, E_000001c90169d040/149, E_000001c90169d040/150, E_000001c90169d040/151, E_000001c90169d040/152, E_000001c90169d040/153, E_000001c90169d040/154, E_000001c90169d040/155, E_000001c90169d040/156, E_000001c90169d040/157, E_000001c90169d040/158, E_000001c90169d040/159, E_000001c90169d040/160, E_000001c90169d040/161, E_000001c90169d040/162, E_000001c90169d040/163, E_000001c90169d040/164, E_000001c90169d040/165, E_000001c90169d040/166, E_000001c90169d040/167, E_000001c90169d040/168, E_000001c90169d040/169, E_000001c90169d040/170, E_000001c90169d040/171, E_000001c90169d040/172, E_000001c90169d040/173, E_000001c90169d040/174, E_000001c90169d040/175, E_000001c90169d040/176, E_000001c90169d040/177, E_000001c90169d040/178, E_000001c90169d040/179, E_000001c90169d040/180, E_000001c90169d040/181, E_000001c90169d040/182, E_000001c90169d040/183, E_000001c90169d040/184, E_000001c90169d040/185, E_000001c90169d040/186, E_000001c90169d040/187, E_000001c90169d040/188, E_000001c90169d040/189, E_000001c90169d040/190, E_000001c90169d040/191, E_000001c90169d040/192, E_000001c90169d040/193, E_000001c90169d040/194, E_000001c90169d040/195, E_000001c90169d040/196, E_000001c90169d040/197, E_000001c90169d040/198, E_000001c90169d040/199, E_000001c90169d040/200, E_000001c90169d040/201, E_000001c90169d040/202, E_000001c90169d040/203, E_000001c90169d040/204, E_000001c90169d040/205, E_000001c90169d040/206, E_000001c90169d040/207, E_000001c90169d040/208, E_000001c90169d040/209, E_000001c90169d040/210, E_000001c90169d040/211, E_000001c90169d040/212, E_000001c90169d040/213, E_000001c90169d040/214, E_000001c90169d040/215, E_000001c90169d040/216, E_000001c90169d040/217, E_000001c90169d040/218, E_000001c90169d040/219, E_000001c90169d040/220, E_000001c90169d040/221, E_000001c90169d040/222, E_000001c90169d040/223, E_000001c90169d040/224, E_000001c90169d040/225, E_000001c90169d040/226, E_000001c90169d040/227, E_000001c90169d040/228, E_000001c90169d040/229, E_000001c90169d040/230, E_000001c90169d040/231, E_000001c90169d040/232, E_000001c90169d040/233, E_000001c90169d040/234, E_000001c90169d040/235, E_000001c90169d040/236, E_000001c90169d040/237, E_000001c90169d040/238, E_000001c90169d040/239, E_000001c90169d040/240, E_000001c90169d040/241, E_000001c90169d040/242, E_000001c90169d040/243, E_000001c90169d040/244, E_000001c90169d040/245, E_000001c90169d040/246, E_000001c90169d040/247, E_000001c90169d040/248, E_000001c90169d040/249, E_000001c90169d040/250, E_000001c90169d040/251, E_000001c90169d040/252, E_000001c90169d040/253, E_000001c90169d040/254, E_000001c90169d040/255, E_000001c90169d040/256, E_000001c90169d040/257, E_000001c90169d040/258, E_000001c90169d040/259, E_000001c90169d040/260, E_000001c90169d040/261, E_000001c90169d040/262, E_000001c90169d040/263, E_000001c90169d040/264, E_000001c90169d040/265, E_000001c90169d040/266, E_000001c90169d040/267, E_000001c90169d040/268, E_000001c90169d040/269, E_000001c90169d040/270, E_000001c90169d040/271, E_000001c90169d040/272, E_000001c90169d040/273, E_000001c90169d040/274, E_000001c90169d040/275, E_000001c90169d040/276, E_000001c90169d040/277, E_000001c90169d040/278, E_000001c90169d040/279, E_000001c90169d040/280, E_000001c90169d040/281, E_000001c90169d040/282, E_000001c90169d040/283, E_000001c90169d040/284, E_000001c90169d040/285, E_000001c90169d040/286, E_000001c90169d040/287, E_000001c90169d040/288, E_000001c90169d040/289, E_000001c90169d040/290, E_000001c90169d040/291, E_000001c90169d040/292, E_000001c90169d040/293, E_000001c90169d040/294, E_000001c90169d040/295, E_000001c90169d040/296, E_000001c90169d040/297, E_000001c90169d040/298, E_000001c90169d040/299, E_000001c90169d040/300, E_000001c90169d040/301, E_000001c90169d040/302, E_000001c90169d040/303, E_000001c90169d040/304, E_000001c90169d040/305, E_000001c90169d040/306, E_000001c90169d040/307, E_000001c90169d040/308, E_000001c90169d040/309, E_000001c90169d040/310, E_000001c90169d040/311, E_000001c90169d040/312, E_000001c90169d040/313, E_000001c90169d040/314, E_000001c90169d040/315, E_000001c90169d040/316, E_000001c90169d040/317;
S_000001c9017168c0 .scope module, "mac_inst" "mac_unit" 4 72, 5 1 0, S_000001c90171e010;
 .timescale 0 0;
    .port_info 0 /INPUT 32 "input_value";
    .port_info 1 /INPUT 8 "weight_value";
    .port_info 2 /INPUT 32 "acc_in";
    .port_info 3 /OUTPUT 32 "acc_out";
P_000001c9016a6610 .param/l "ACC_WIDTH" 0 5 4, +C4<00000000000000000000000000100000>;
P_000001c9016a6648 .param/l "DATA_WIDTH" 0 5 2, +C4<00000000000000000000000000100000>;
P_000001c9016a6680 .param/l "PRODUCT_WIDTH" 1 5 12, +C4<00000000000000000000000000101000>;
P_000001c9016a66b8 .param/l "WEIGHT_WIDTH" 0 5 3, +C4<00000000000000000000000000001000>;
v000001c9016a2630_0 .net/s *"_ivl_0", 39 0, L_000001c9016cca10;  1 drivers
v000001c9016a6e90_0 .net/s *"_ivl_2", 39 0, L_000001c9016ce1d0;  1 drivers
v000001c9016626b0_0 .net *"_ivl_7", 0 0, L_000001c9016ccb50;  1 drivers
v000001c9016a2e00_0 .net *"_ivl_8", 7 0, L_000001c9016cdeb0;  1 drivers
v000001c90166d6e0_0 .net/s "acc_ext", 39 0, L_000001c9016cdcd0;  1 drivers
v000001c9016527f0_0 .net/s "acc_in", 31 0, v000001c9016cc4a0_0;  1 drivers
v000001c90166cfc0_0 .net/s "acc_out", 31 0, L_000001c9016ccab0;  alias, 1 drivers
v000001c9016cc7c0_0 .net/s "input_value", 31 0, v000001c9016cc900_0;  1 drivers
v000001c9016cbbe0_0 .net/s "product", 39 0, L_000001c9016ce6d0;  1 drivers
v000001c9016cc720_0 .net/s "sum_ext", 39 0, L_000001c9016cda50;  1 drivers
v000001c9016cc220_0 .net/s "weight_value", 7 0, v000001c9016cba00_0;  1 drivers
L_000001c9016cca10 .extend/s 40, v000001c9016cc900_0;
L_000001c9016ce1d0 .extend/s 40, v000001c9016cba00_0;
L_000001c9016ce6d0 .arith/mult 40, L_000001c9016cca10, L_000001c9016ce1d0;
L_000001c9016ccb50 .part v000001c9016cc4a0_0, 31, 1;
LS_000001c9016cdeb0_0_0 .concat [ 1 1 1 1], L_000001c9016ccb50, L_000001c9016ccb50, L_000001c9016ccb50, L_000001c9016ccb50;
LS_000001c9016cdeb0_0_4 .concat [ 1 1 1 1], L_000001c9016ccb50, L_000001c9016ccb50, L_000001c9016ccb50, L_000001c9016ccb50;
L_000001c9016cdeb0 .concat [ 4 4 0 0], LS_000001c9016cdeb0_0_0, LS_000001c9016cdeb0_0_4;
L_000001c9016cdcd0 .concat [ 32 8 0 0], v000001c9016cc4a0_0, L_000001c9016cdeb0;
L_000001c9016cda50 .arith/sum 40, L_000001c9016cdcd0, L_000001c9016ce6d0;
L_000001c9016ccab0 .part L_000001c9016cda50, 0, 32;
    .scope S_000001c90171e010;
T_0 ;
    %vpi_call/w 4 30 "$readmemh", "data/mem/input.mem", v000001c9016cbdc0 {0 0 0};
    %vpi_call/w 4 31 "$readmemh", "data/mem/weights_l1.mem", v000001c9016ccfb0 {0 0 0};
    %vpi_call/w 4 32 "$readmemh", "data/mem/biases_l1.mem", v000001c9016cc180 {0 0 0};
    %vpi_call/w 4 33 "$readmemh", "data/mem/weights_l2.mem", v000001c9016cd690 {0 0 0};
    %vpi_call/w 4 34 "$readmemh", "data/mem/biases_l2.mem", v000001c9016cbb40 {0 0 0};
    %end;
    .thread T_0;
    .scope S_000001c90171e010;
T_1 ;
Ewait_0 .event/or E_000001c90169d040, E_0x0;
    %wait Ewait_0;
    %pushi/vec4 0, 0, 32;
    %store/vec4 v000001c9016cc900_0, 0, 32;
    %pushi/vec4 0, 0, 8;
    %store/vec4 v000001c9016cba00_0, 0, 8;
    %load/vec4 v000001c9016cd2d0_0;
    %dup/vec4;
    %pushi/vec4 2, 0, 4;
    %cmp/u;
    %jmp/1 T_1.0, 6;
    %dup/vec4;
    %pushi/vec4 5, 0, 4;
    %cmp/u;
    %jmp/1 T_1.1, 6;
    %pushi/vec4 0, 0, 32;
    %store/vec4 v000001c9016cc900_0, 0, 32;
    %pushi/vec4 0, 0, 8;
    %store/vec4 v000001c9016cba00_0, 0, 8;
    %jmp T_1.3;
T_1.0 ;
    %load/vec4 v000001c9016cc400_0;
    %pad/u 8;
    %ix/vec4 4;
    %load/vec4a v000001c9016cbdc0, 4;
    %pad/s 32;
    %store/vec4 v000001c9016cc900_0, 0, 32;
    %load/vec4 v000001c9016cc360_0;
    %pad/u 32;
    %muli 64, 0, 32;
    %load/vec4 v000001c9016cc400_0;
    %pad/u 32;
    %add;
    %ix/vec4 4;
    %load/vec4a v000001c9016ccfb0, 4;
    %store/vec4 v000001c9016cba00_0, 0, 8;
    %jmp T_1.3;
T_1.1 ;
    %load/vec4 v000001c9016cc680_0;
    %pad/u 6;
    %ix/vec4 4;
    %load/vec4a v000001c9016cc860, 4;
    %store/vec4 v000001c9016cc900_0, 0, 32;
    %load/vec4 v000001c9016cbc80_0;
    %pad/u 32;
    %muli 16, 0, 32;
    %load/vec4 v000001c9016cc680_0;
    %pad/u 32;
    %add;
    %ix/vec4 4;
    %load/vec4a v000001c9016cd690, 4;
    %store/vec4 v000001c9016cba00_0, 0, 8;
    %jmp T_1.3;
T_1.3 ;
    %pop/vec4 1;
    %jmp T_1;
    .thread T_1, $push;
    .scope S_000001c90171e010;
T_2 ;
    %wait E_000001c90169ce00;
    %load/vec4 v000001c9016cbfa0_0;
    %flag_set/vec4 8;
    %jmp/0xz  T_2.0, 8;
    %pushi/vec4 0, 0, 4;
    %assign/vec4 v000001c9016cd2d0_0, 0;
    %pushi/vec4 0, 0, 1;
    %assign/vec4 v000001c9016cc540_0, 0;
    %pushi/vec4 0, 0, 4;
    %assign/vec4 v000001c9016cbe60_0, 0;
    %pushi/vec4 0, 0, 6;
    %assign/vec4 v000001c9016cc400_0, 0;
    %pushi/vec4 0, 0, 4;
    %assign/vec4 v000001c9016cc360_0, 0;
    %pushi/vec4 0, 0, 4;
    %assign/vec4 v000001c9016cbc80_0, 0;
    %pushi/vec4 0, 0, 4;
    %assign/vec4 v000001c9016cc680_0, 0;
    %pushi/vec4 0, 0, 4;
    %assign/vec4 v000001c9016cc0e0_0, 0;
    %pushi/vec4 0, 0, 32;
    %assign/vec4 v000001c9016cc4a0_0, 0;
    %pushi/vec4 0, 0, 32;
    %assign/vec4 v000001c9016cbaa0_0, 0;
    %pushi/vec4 0, 0, 4;
    %assign/vec4 v000001c9016cbf00_0, 0;
    %jmp T_2.1;
T_2.0 ;
    %load/vec4 v000001c9016cd2d0_0;
    %dup/vec4;
    %pushi/vec4 0, 0, 4;
    %cmp/u;
    %jmp/1 T_2.2, 6;
    %dup/vec4;
    %pushi/vec4 1, 0, 4;
    %cmp/u;
    %jmp/1 T_2.3, 6;
    %dup/vec4;
    %pushi/vec4 2, 0, 4;
    %cmp/u;
    %jmp/1 T_2.4, 6;
    %dup/vec4;
    %pushi/vec4 3, 0, 4;
    %cmp/u;
    %jmp/1 T_2.5, 6;
    %dup/vec4;
    %pushi/vec4 4, 0, 4;
    %cmp/u;
    %jmp/1 T_2.6, 6;
    %dup/vec4;
    %pushi/vec4 5, 0, 4;
    %cmp/u;
    %jmp/1 T_2.7, 6;
    %dup/vec4;
    %pushi/vec4 6, 0, 4;
    %cmp/u;
    %jmp/1 T_2.8, 6;
    %dup/vec4;
    %pushi/vec4 7, 0, 4;
    %cmp/u;
    %jmp/1 T_2.9, 6;
    %dup/vec4;
    %pushi/vec4 8, 0, 4;
    %cmp/u;
    %jmp/1 T_2.10, 6;
    %dup/vec4;
    %pushi/vec4 9, 0, 4;
    %cmp/u;
    %jmp/1 T_2.11, 6;
    %dup/vec4;
    %pushi/vec4 10, 0, 4;
    %cmp/u;
    %jmp/1 T_2.12, 6;
    %pushi/vec4 0, 0, 4;
    %assign/vec4 v000001c9016cd2d0_0, 0;
    %jmp T_2.14;
T_2.2 ;
    %pushi/vec4 0, 0, 1;
    %assign/vec4 v000001c9016cc540_0, 0;
    %load/vec4 v000001c9016cc040_0;
    %flag_set/vec4 8;
    %jmp/0xz  T_2.15, 8;
    %pushi/vec4 0, 0, 4;
    %assign/vec4 v000001c9016cc360_0, 0;
    %pushi/vec4 0, 0, 6;
    %assign/vec4 v000001c9016cc400_0, 0;
    %pushi/vec4 1, 0, 4;
    %assign/vec4 v000001c9016cd2d0_0, 0;
T_2.15 ;
    %jmp T_2.14;
T_2.3 ;
    %load/vec4 v000001c9016cc360_0;
    %pad/u 6;
    %ix/vec4 4;
    %load/vec4a v000001c9016cc180, 4;
    %assign/vec4 v000001c9016cc4a0_0, 0;
    %pushi/vec4 0, 0, 6;
    %assign/vec4 v000001c9016cc400_0, 0;
    %pushi/vec4 2, 0, 4;
    %assign/vec4 v000001c9016cd2d0_0, 0;
    %jmp T_2.14;
T_2.4 ;
    %load/vec4 v000001c9016cc5e0_0;
    %assign/vec4 v000001c9016cc4a0_0, 0;
    %load/vec4 v000001c9016cc400_0;
    %pad/u 32;
    %cmpi/e 63, 0, 32;
    %jmp/0xz  T_2.17, 4;
    %pushi/vec4 3, 0, 4;
    %assign/vec4 v000001c9016cd2d0_0, 0;
    %jmp T_2.18;
T_2.17 ;
    %load/vec4 v000001c9016cc400_0;
    %addi 1, 0, 6;
    %assign/vec4 v000001c9016cc400_0, 0;
T_2.18 ;
    %jmp T_2.14;
T_2.5 ;
    %load/vec4 v000001c9016cc4a0_0;
    %ix/load 4, 7, 0;
    %flag_set/imm 4, 0;
    %shiftr/s 4;
    %cmpi/s 0, 0, 32;
    %jmp/0xz  T_2.19, 5;
    %pushi/vec4 0, 0, 32;
    %load/vec4 v000001c9016cc360_0;
    %pad/u 6;
    %ix/vec4 3;
    %ix/load 4, 0, 0; Constant delay
    %assign/vec4/a/d v000001c9016cc860, 0, 4;
    %jmp T_2.20;
T_2.19 ;
    %load/vec4 v000001c9016cc4a0_0;
    %ix/load 4, 7, 0;
    %flag_set/imm 4, 0;
    %shiftr/s 4;
    %load/vec4 v000001c9016cc360_0;
    %pad/u 6;
    %ix/vec4 3;
    %ix/load 4, 0, 0; Constant delay
    %assign/vec4/a/d v000001c9016cc860, 0, 4;
T_2.20 ;
    %load/vec4 v000001c9016cc360_0;
    %pad/u 32;
    %cmpi/e 15, 0, 32;
    %jmp/0xz  T_2.21, 4;
    %pushi/vec4 0, 0, 4;
    %assign/vec4 v000001c9016cbc80_0, 0;
    %pushi/vec4 4, 0, 4;
    %assign/vec4 v000001c9016cd2d0_0, 0;
    %jmp T_2.22;
T_2.21 ;
    %load/vec4 v000001c9016cc360_0;
    %addi 1, 0, 4;
    %assign/vec4 v000001c9016cc360_0, 0;
    %pushi/vec4 1, 0, 4;
    %assign/vec4 v000001c9016cd2d0_0, 0;
T_2.22 ;
    %jmp T_2.14;
T_2.6 ;
    %load/vec4 v000001c9016cbc80_0;
    %pad/u 5;
    %ix/vec4 4;
    %load/vec4a v000001c9016cbb40, 4;
    %assign/vec4 v000001c9016cc4a0_0, 0;
    %pushi/vec4 0, 0, 4;
    %assign/vec4 v000001c9016cc680_0, 0;
    %pushi/vec4 5, 0, 4;
    %assign/vec4 v000001c9016cd2d0_0, 0;
    %jmp T_2.14;
T_2.7 ;
    %load/vec4 v000001c9016cc5e0_0;
    %assign/vec4 v000001c9016cc4a0_0, 0;
    %load/vec4 v000001c9016cc680_0;
    %pad/u 32;
    %cmpi/e 15, 0, 32;
    %jmp/0xz  T_2.23, 4;
    %pushi/vec4 6, 0, 4;
    %assign/vec4 v000001c9016cd2d0_0, 0;
    %jmp T_2.24;
T_2.23 ;
    %load/vec4 v000001c9016cc680_0;
    %addi 1, 0, 4;
    %assign/vec4 v000001c9016cc680_0, 0;
T_2.24 ;
    %jmp T_2.14;
T_2.8 ;
    %load/vec4 v000001c9016cc4a0_0;
    %ix/load 4, 7, 0;
    %flag_set/imm 4, 0;
    %shiftr/s 4;
    %load/vec4 v000001c9016cbc80_0;
    %pad/u 5;
    %ix/vec4 3;
    %ix/load 4, 0, 0; Constant delay
    %assign/vec4/a/d v000001c9016cbd20, 0, 4;
    %load/vec4 v000001c9016cbc80_0;
    %pad/u 32;
    %cmpi/e 9, 0, 32;
    %jmp/0xz  T_2.25, 4;
    %pushi/vec4 7, 0, 4;
    %assign/vec4 v000001c9016cd2d0_0, 0;
    %jmp T_2.26;
T_2.25 ;
    %load/vec4 v000001c9016cbc80_0;
    %addi 1, 0, 4;
    %assign/vec4 v000001c9016cbc80_0, 0;
    %pushi/vec4 4, 0, 4;
    %assign/vec4 v000001c9016cd2d0_0, 0;
T_2.26 ;
    %jmp T_2.14;
T_2.9 ;
    %ix/load 4, 0, 0;
    %flag_set/imm 4, 0;
    %load/vec4a v000001c9016cbd20, 4;
    %assign/vec4 v000001c9016cbaa0_0, 0;
    %pushi/vec4 0, 0, 4;
    %assign/vec4 v000001c9016cbf00_0, 0;
    %pushi/vec4 1, 0, 4;
    %assign/vec4 v000001c9016cc0e0_0, 0;
    %pushi/vec4 8, 0, 4;
    %assign/vec4 v000001c9016cd2d0_0, 0;
    %jmp T_2.14;
T_2.10 ;
    %load/vec4 v000001c9016cbaa0_0;
    %load/vec4 v000001c9016cc0e0_0;
    %pad/u 5;
    %ix/vec4 4;
    %load/vec4a v000001c9016cbd20, 4;
    %cmp/s;
    %jmp/0xz  T_2.27, 5;
    %load/vec4 v000001c9016cc0e0_0;
    %pad/u 5;
    %ix/vec4 4;
    %load/vec4a v000001c9016cbd20, 4;
    %assign/vec4 v000001c9016cbaa0_0, 0;
    %load/vec4 v000001c9016cc0e0_0;
    %assign/vec4 v000001c9016cbf00_0, 0;
T_2.27 ;
    %load/vec4 v000001c9016cc0e0_0;
    %pad/u 32;
    %cmpi/e 9, 0, 32;
    %jmp/0xz  T_2.29, 4;
    %pushi/vec4 9, 0, 4;
    %assign/vec4 v000001c9016cd2d0_0, 0;
    %jmp T_2.30;
T_2.29 ;
    %load/vec4 v000001c9016cc0e0_0;
    %addi 1, 0, 4;
    %assign/vec4 v000001c9016cc0e0_0, 0;
T_2.30 ;
    %jmp T_2.14;
T_2.11 ;
    %load/vec4 v000001c9016cbf00_0;
    %assign/vec4 v000001c9016cbe60_0, 0;
    %pushi/vec4 10, 0, 4;
    %assign/vec4 v000001c9016cd2d0_0, 0;
    %jmp T_2.14;
T_2.12 ;
    %pushi/vec4 1, 0, 1;
    %assign/vec4 v000001c9016cc540_0, 0;
    %pushi/vec4 10, 0, 4;
    %assign/vec4 v000001c9016cd2d0_0, 0;
    %jmp T_2.14;
T_2.14 ;
    %pop/vec4 1;
T_2.1 ;
    %jmp T_2;
    .thread T_2;
    .scope S_000001c9016a1760;
T_3 ;
    %delay 5000, 0;
    %load/vec4 v000001c9016cd190_0;
    %inv;
    %store/vec4 v000001c9016cd190_0, 0, 1;
    %jmp T_3;
    .thread T_3;
    .scope S_000001c9016a1760;
T_4 ;
    %vpi_call/w 3 29 "$readmemh", "data/mem/expected_prediction.mem", v000001c9016ce270 {0 0 0};
    %vpi_call/w 3 30 "$readmemh", "data/mem/expected_output.mem", v000001c9016cd370 {0 0 0};
    %vpi_call/w 3 31 "$readmemh", "data/mem/expected_hidden.mem", v000001c9016cd910 {0 0 0};
    %pushi/vec4 0, 0, 1;
    %store/vec4 v000001c9016cd190_0, 0, 1;
    %pushi/vec4 1, 0, 1;
    %store/vec4 v000001c9016ccd30_0, 0, 1;
    %pushi/vec4 0, 0, 1;
    %store/vec4 v000001c9016ce590_0, 0, 1;
    %pushi/vec4 0, 0, 32;
    %store/vec4 v000001c9016cd230_0, 0, 32;
    %pushi/vec4 0, 0, 32;
    %store/vec4 v000001c9016cdc30_0, 0, 32;
    %pushi/vec4 5, 0, 32;
T_4.0 %dup/vec4;
    %pushi/vec4 0, 0, 32;
    %cmp/s;
    %jmp/1xz T_4.1, 5;
    %jmp/1 T_4.1, 4;
    %pushi/vec4 1, 0, 32;
    %sub;
    %wait E_000001c90169ce00;
    %jmp T_4.0;
T_4.1 ;
    %pop/vec4 1;
    %wait E_000001c90169d240;
    %pushi/vec4 0, 0, 1;
    %store/vec4 v000001c9016ccd30_0, 0, 1;
    %pushi/vec4 2, 0, 32;
T_4.2 %dup/vec4;
    %pushi/vec4 0, 0, 32;
    %cmp/s;
    %jmp/1xz T_4.3, 5;
    %jmp/1 T_4.3, 4;
    %pushi/vec4 1, 0, 32;
    %sub;
    %wait E_000001c90169ce00;
    %jmp T_4.2;
T_4.3 ;
    %pop/vec4 1;
    %wait E_000001c90169d240;
    %pushi/vec4 1, 0, 1;
    %store/vec4 v000001c9016ce590_0, 0, 1;
    %wait E_000001c90169d240;
    %pushi/vec4 0, 0, 1;
    %store/vec4 v000001c9016ce590_0, 0, 1;
    %fork t_1, S_000001c9016a1760;
    %fork t_2, S_000001c9016a1760;
    %join;
    %join/detach 1;
    %jmp t_0;
t_1 ;
T_4.4 ;
    %load/vec4 v000001c9016ce8b0_0;
    %pushi/vec4 1, 0, 1;
    %cmp/e;
    %flag_get/vec4 4;
    %cmpi/ne 1, 0, 1;
    %jmp/0xz T_4.5, 6;
    %wait E_000001c90169d3c0;
    %jmp T_4.4;
T_4.5 ;
    %end;
t_2 ;
    %pushi/vec4 5000, 0, 32;
T_4.6 %dup/vec4;
    %pushi/vec4 0, 0, 32;
    %cmp/s;
    %jmp/1xz T_4.7, 5;
    %jmp/1 T_4.7, 4;
    %pushi/vec4 1, 0, 32;
    %sub;
    %wait E_000001c90169ce00;
    %jmp T_4.6;
T_4.7 ;
    %pop/vec4 1;
    %vpi_call/w 3 63 "$display", "TIMEOUT: accelerator never asserted done" {0 0 0};
    %vpi_call/w 3 64 "$display", "Current state = %0d", v000001c9016cd2d0_0 {0 0 0};
    %vpi_call/w 3 65 "$display", "input_idx = %0d", v000001c9016cc400_0 {0 0 0};
    %vpi_call/w 3 66 "$display", "hidden_idx = %0d", v000001c9016cc360_0 {0 0 0};
    %vpi_call/w 3 67 "$display", "output_idx = %0d", v000001c9016cbc80_0 {0 0 0};
    %vpi_call/w 3 68 "$display", "l2_hidden_idx = %0d", v000001c9016cc680_0 {0 0 0};
    %vpi_call/w 3 69 "$display", "argmax_idx = %0d", v000001c9016cc0e0_0 {0 0 0};
    %vpi_call/w 3 70 "$finish" {0 0 0};
    %end;
    .scope S_000001c9016a1760;
t_0 ;
    %disable/fork;
    %vpi_call/w 3 76 "$display", "\000" {0 0 0};
    %vpi_call/w 3 77 "$display", "Prediction check:" {0 0 0};
    %vpi_call/w 3 78 "$display", "Prediction:          %0d", v000001c9016cd050_0 {0 0 0};
    %vpi_call/w 3 79 "$display", "Expected prediction: %0d", &A<v000001c9016ce270, 0> {0 0 0};
    %load/vec4 v000001c9016cd050_0;
    %ix/load 4, 0, 0;
    %flag_set/imm 4, 0;
    %load/vec4a v000001c9016ce270, 4;
    %parti/s 4, 0, 2;
    %cmp/e;
    %jmp/0xz  T_4.8, 4;
    %vpi_call/w 3 82 "$display", "PASS: prediction matches" {0 0 0};
    %jmp T_4.9;
T_4.8 ;
    %vpi_call/w 3 84 "$display", "FAIL: prediction mismatch" {0 0 0};
T_4.9 ;
    %vpi_call/w 3 87 "$display", "\000" {0 0 0};
    %vpi_call/w 3 88 "$display", "Hidden values:" {0 0 0};
    %fork t_4, S_000001c901635f00;
    %jmp t_3;
    .scope S_000001c901635f00;
t_4 ;
    %pushi/vec4 0, 0, 32;
    %store/vec4 v000001c901614280_0, 0, 32;
T_4.10 ;
    %load/vec4 v000001c901614280_0;
    %cmpi/s 16, 0, 32;
    %jmp/0xz T_4.11, 5;
    %vpi_call/w 3 91 "$display", "hidden_mem[%0d] = %0d, expected = %0d", v000001c901614280_0, &A<v000001c9016cc860, v000001c901614280_0 >, &A<v000001c9016cd910, v000001c901614280_0 > {0 0 0};
    %ix/getv/s 4, v000001c901614280_0;
    %load/vec4a v000001c9016cc860, 4;
    %ix/getv/s 4, v000001c901614280_0;
    %load/vec4a v000001c9016cd910, 4;
    %cmp/ne;
    %jmp/0xz  T_4.12, 6;
    ; show_stmt_assign_vector: Get l-value for compressed += operand
    %load/vec4 v000001c9016cdc30_0;
    %pushi/vec4 1, 0, 32;
    %add;
    %cast2;
    %store/vec4 v000001c9016cdc30_0, 0, 32;
T_4.12 ;
    ; show_stmt_assign_vector: Get l-value for compressed += operand
    %load/vec4 v000001c901614280_0;
    %pushi/vec4 1, 0, 32;
    %add;
    %cast2;
    %store/vec4 v000001c901614280_0, 0, 32;
    %jmp T_4.10;
T_4.11 ;
    %end;
    .scope S_000001c9016a1760;
t_3 %join;
    %load/vec4 v000001c9016cdc30_0;
    %cmpi/e 0, 0, 32;
    %jmp/0xz  T_4.14, 4;
    %vpi_call/w 3 104 "$display", "PASS: all hidden values match" {0 0 0};
    %jmp T_4.15;
T_4.14 ;
    %vpi_call/w 3 106 "$display", "FAIL: %0d hidden values mismatched", v000001c9016cdc30_0 {0 0 0};
T_4.15 ;
    %vpi_call/w 3 109 "$display", "\000" {0 0 0};
    %vpi_call/w 3 110 "$display", "Output logits:" {0 0 0};
    %fork t_6, S_000001c901636090;
    %jmp t_5;
    .scope S_000001c901636090;
t_6 ;
    %pushi/vec4 0, 0, 32;
    %store/vec4 v000001c901716ee0_0, 0, 32;
T_4.16 ;
    %load/vec4 v000001c901716ee0_0;
    %cmpi/s 10, 0, 32;
    %jmp/0xz T_4.17, 5;
    %vpi_call/w 3 113 "$display", "output_mem[%0d] = %0d, expected = %0d", v000001c901716ee0_0, &A<v000001c9016cbd20, v000001c901716ee0_0 >, &A<v000001c9016cd370, v000001c901716ee0_0 > {0 0 0};
    %ix/getv/s 4, v000001c901716ee0_0;
    %load/vec4a v000001c9016cbd20, 4;
    %ix/getv/s 4, v000001c901716ee0_0;
    %load/vec4a v000001c9016cd370, 4;
    %cmp/ne;
    %jmp/0xz  T_4.18, 6;
    ; show_stmt_assign_vector: Get l-value for compressed += operand
    %load/vec4 v000001c9016cd230_0;
    %pushi/vec4 1, 0, 32;
    %add;
    %cast2;
    %store/vec4 v000001c9016cd230_0, 0, 32;
T_4.18 ;
    ; show_stmt_assign_vector: Get l-value for compressed += operand
    %load/vec4 v000001c901716ee0_0;
    %pushi/vec4 1, 0, 32;
    %add;
    %cast2;
    %store/vec4 v000001c901716ee0_0, 0, 32;
    %jmp T_4.16;
T_4.17 ;
    %end;
    .scope S_000001c9016a1760;
t_5 %join;
    %load/vec4 v000001c9016cd230_0;
    %cmpi/e 0, 0, 32;
    %jmp/0xz  T_4.20, 4;
    %vpi_call/w 3 126 "$display", "PASS: all output logits match" {0 0 0};
    %jmp T_4.21;
T_4.20 ;
    %vpi_call/w 3 128 "$display", "FAIL: %0d output logits mismatched", v000001c9016cd230_0 {0 0 0};
T_4.21 ;
    %vpi_call/w 3 131 "$display", "\000" {0 0 0};
    %load/vec4 v000001c9016cd050_0;
    %ix/load 4, 0, 0;
    %flag_set/imm 4, 0;
    %load/vec4a v000001c9016ce270, 4;
    %parti/s 4, 0, 2;
    %cmp/e;
    %flag_get/vec4 4;
    %jmp/0 T_4.25, 4;
    %load/vec4 v000001c9016cdc30_0;
    %pushi/vec4 0, 0, 32;
    %cmp/e;
    %flag_get/vec4 4;
    %and;
T_4.25;
    %flag_set/vec4 9;
    %flag_get/vec4 9;
    %jmp/0 T_4.24, 9;
    %load/vec4 v000001c9016cd230_0;
    %pushi/vec4 0, 0, 32;
    %cmp/e;
    %flag_get/vec4 4;
    %and;
T_4.24;
    %flag_set/vec4 8;
    %jmp/0xz  T_4.22, 8;
    %vpi_call/w 3 138 "$display", "OVERALL RESULT: PASS" {0 0 0};
    %jmp T_4.23;
T_4.22 ;
    %vpi_call/w 3 140 "$display", "OVERALL RESULT: FAIL" {0 0 0};
T_4.23 ;
    %vpi_call/w 3 143 "$finish" {0 0 0};
    %end;
    .thread T_4;
# The file index is used to find the file name in the following table.
:file_names 6;
    "N/A";
    "<interactive>";
    "-";
    "tb/nn_accelerator_tb.sv";
    "rtl/nn_accelerator.sv";
    "rtl/mac_unit.sv";
