#! /c/Source/iverilog-install/bin/vvp
:ivl_version "12.0 (devel)" "(s20150603-1539-g2693dd32b)";
:ivl_delay_selection "TYPICAL";
:vpi_time_precision - 12;
:vpi_module "C:\iverilog\lib\ivl\system.vpi";
:vpi_module "C:\iverilog\lib\ivl\vhdl_sys.vpi";
:vpi_module "C:\iverilog\lib\ivl\vhdl_textio.vpi";
:vpi_module "C:\iverilog\lib\ivl\v2005_math.vpi";
:vpi_module "C:\iverilog\lib\ivl\va_math.vpi";
:vpi_module "C:\iverilog\lib\ivl\v2009.vpi";
S_000002029c63cb60 .scope package, "$unit" "$unit" 2 1;
 .timescale 0 0;
S_000002029c68ed10 .scope module, "nn_accelerator_4mac_tb" "nn_accelerator_4mac_tb" 3 3;
 .timescale -9 -12;
P_000002029c664300 .param/l "HIDDEN_SIZE" 0 3 8, +C4<00000000000000000000000000010000>;
P_000002029c664338 .param/l "INPUT_SIZE" 0 3 7, +C4<00000000000000000000000001000000>;
P_000002029c664370 .param/l "NUM_SAMPLES" 0 3 5, +C4<00000000000000000000000101101000>;
P_000002029c6643a8 .param/l "NUM_TESTS" 0 3 6, +C4<00000000000000000000000001100100>;
P_000002029c6643e0 .param/l "OUTPUT_SIZE" 0 3 9, +C4<00000000000000000000000000001010>;
P_000002029c664418 .param/l "TIMEOUT_CYCLES" 0 3 10, +C4<00000000000000000000001111101000>;
v000002029c6e6650 .array/s "all_inputs", 23039 0, 7 0;
v000002029c6e7230_0 .var "clk", 0 0;
v000002029c6e66f0_0 .var/2s "cycle_count", 31 0;
v000002029c6e7410_0 .net "done", 0 0, v000002029c6e3e20_0;  1 drivers
v000002029c6e59d0 .array/s "expected_hidden_all", 5759 0, 31 0;
v000002029c6e7050 .array/s "expected_output_all", 3599 0, 31 0;
v000002029c6e5f70 .array/s "expected_predictions", 359 0, 31 0;
v000002029c6e5930_0 .var/2s "hidden_errors", 31 0;
v000002029c6e7550_0 .var/2s "output_errors", 31 0;
v000002029c6e68d0_0 .net "prediction", 3 0, v000002029c6e4780_0;  1 drivers
v000002029c6e77d0_0 .var/2s "prediction_errors", 31 0;
v000002029c6e74b0_0 .var "rst", 0 0;
v000002029c6e6c90_0 .var/2s "sample_errors", 31 0;
v000002029c6e5e30_0 .var "start", 0 0;
v000002029c6e60b0_0 .var/2s "total_cycles", 31 0;
v000002029c6e72d0_0 .var/2s "total_errors", 31 0;
S_000002029c6542b0 .scope begin, "$ivl_for_loop0" "$ivl_for_loop0" 3 66, 3 66 0, S_000002029c68ed10;
 .timescale -9 -12;
v000002029c671190_0 .var/2s "sample", 31 0;
E_000002029c6764d0 .event posedge, v000002029c6e4640_0;
E_000002029c6762d0 .event negedge, v000002029c6e4640_0;
S_000002029c663910 .scope begin, "$ivl_for_loop1" "$ivl_for_loop1" 3 78, 3 78 0, S_000002029c6542b0;
 .timescale -9 -12;
v000002029c670fb0_0 .var/2s "i", 31 0;
S_000002029c663aa0 .scope begin, "$ivl_for_loop2" "$ivl_for_loop2" 3 106, 3 106 0, S_000002029c6542b0;
 .timescale -9 -12;
v000002029c670d30_0 .var/2s "i", 31 0;
S_000002029c5e0bf0 .scope begin, "$ivl_for_loop3" "$ivl_for_loop3" 3 121, 3 121 0, S_000002029c6542b0;
 .timescale -9 -12;
v000002029c670b50_0 .var/2s "i", 31 0;
S_000002029c5e0d80 .scope module, "dut" "nn_accelerator_4mac" 3 31, 4 1 0, S_000002029c68ed10;
 .timescale 0 0;
    .port_info 0 /INPUT 1 "clk";
    .port_info 1 /INPUT 1 "rst";
    .port_info 2 /INPUT 1 "start";
    .port_info 3 /OUTPUT 1 "done";
    .port_info 4 /OUTPUT 4 "prediction";
P_000002029c5a2ce0 .param/l "ACC_WIDTH" 0 4 7, +C4<00000000000000000000000000100000>;
P_000002029c5a2d18 .param/l "HIDDEN_SIZE" 0 4 3, +C4<00000000000000000000000000010000>;
P_000002029c5a2d50 .param/l "INPUT_SIZE" 0 4 2, +C4<00000000000000000000000001000000>;
P_000002029c5a2d88 .param/l "INPUT_WIDTH" 0 4 5, +C4<00000000000000000000000000001000>;
P_000002029c5a2dc0 .param/l "LANES" 1 4 18, +C4<00000000000000000000000000000100>;
P_000002029c5a2df8 .param/l "OUTPUT_SIZE" 0 4 4, +C4<00000000000000000000000000001010>;
P_000002029c5a2e30 .param/l "SCALE_BITS" 0 4 8, +C4<00000000000000000000000000000111>;
P_000002029c5a2e68 .param/l "WEIGHT_WIDTH" 0 4 6, +C4<00000000000000000000000000001000>;
enum000002029c61f0c0 .enum4 (4)
   "IDLE" 4'b0000,
   "L1_INIT" 4'b0001,
   "L1_MAC" 4'b0010,
   "L1_STORE" 4'b0011,
   "L2_INIT" 4'b0100,
   "L2_MAC" 4'b0101,
   "L2_STORE" 4'b0110,
   "ARGMAX_INIT" 4'b0111,
   "ARGMAX_RUN" 4'b1000,
   "ARGMAX_DONE" 4'b1001,
   "DONE_STATE" 4'b1010
 ;
v000002029c6e5360_0 .var/s "acc_reg", 31 0;
v000002029c6e5220_0 .var "argmax_idx", 3 0;
v000002029c6e3ce0 .array/s "biases_l1", 15 0, 31 0;
v000002029c6e4e60 .array/s "biases_l2", 9 0, 31 0;
v000002029c6e4640_0 .net "clk", 0 0, v000002029c6e7230_0;  1 drivers
v000002029c6e3e20_0 .var "done", 0 0;
v000002029c6e4500_0 .var "hidden_idx", 3 0;
v000002029c6e48c0 .array/s "hidden_mem", 15 0, 31 0;
v000002029c6e3d80_0 .var "input_idx", 5 0;
v000002029c6e3920 .array/s "input_mem", 63 0, 7 0;
v000002029c6e3b00_0 .var "l2_hidden_idx", 3 0;
v000002029c6e54a0_0 .net/s "mac_acc_out", 31 0, L_000002029c6e6a10;  1 drivers
v000002029c6e4a00_0 .var/s "mac_input0", 31 0;
v000002029c6e3ec0_0 .var/s "mac_input1", 31 0;
v000002029c6e4be0_0 .var/s "mac_input2", 31 0;
v000002029c6e40a0_0 .var/s "mac_input3", 31 0;
v000002029c6e5680_0 .var/s "mac_weight0", 7 0;
v000002029c6e41e0_0 .var/s "mac_weight1", 7 0;
v000002029c6e4fa0_0 .var/s "mac_weight2", 7 0;
v000002029c6e4140_0 .var/s "mac_weight3", 7 0;
v000002029c6e45a0_0 .var "max_index", 3 0;
v000002029c6e52c0_0 .var/s "max_value", 31 0;
v000002029c6e4f00_0 .var "output_idx", 3 0;
v000002029c6e3ba0 .array/s "output_mem", 9 0, 31 0;
v000002029c6e4780_0 .var "prediction", 3 0;
v000002029c6e4820_0 .net "rst", 0 0, v000002029c6e74b0_0;  1 drivers
v000002029c6e5040_0 .net "start", 0 0, v000002029c6e5e30_0;  1 drivers
v000002029c6e50e0_0 .var "state", 3 0;
v000002029c6e5a70 .array/s "weights_l1", 1023 0, 7 0;
v000002029c6e6e70 .array/s "weights_l2", 159 0, 7 0;
v000002029c6e3920_0 .array/port v000002029c6e3920, 0;
v000002029c6e3920_1 .array/port v000002029c6e3920, 1;
E_000002029c675c10/0 .event anyedge, v000002029c6e50e0_0, v000002029c6e3d80_0, v000002029c6e3920_0, v000002029c6e3920_1;
v000002029c6e3920_2 .array/port v000002029c6e3920, 2;
v000002029c6e3920_3 .array/port v000002029c6e3920, 3;
v000002029c6e3920_4 .array/port v000002029c6e3920, 4;
v000002029c6e3920_5 .array/port v000002029c6e3920, 5;
E_000002029c675c10/1 .event anyedge, v000002029c6e3920_2, v000002029c6e3920_3, v000002029c6e3920_4, v000002029c6e3920_5;
v000002029c6e3920_6 .array/port v000002029c6e3920, 6;
v000002029c6e3920_7 .array/port v000002029c6e3920, 7;
v000002029c6e3920_8 .array/port v000002029c6e3920, 8;
v000002029c6e3920_9 .array/port v000002029c6e3920, 9;
E_000002029c675c10/2 .event anyedge, v000002029c6e3920_6, v000002029c6e3920_7, v000002029c6e3920_8, v000002029c6e3920_9;
v000002029c6e3920_10 .array/port v000002029c6e3920, 10;
v000002029c6e3920_11 .array/port v000002029c6e3920, 11;
v000002029c6e3920_12 .array/port v000002029c6e3920, 12;
v000002029c6e3920_13 .array/port v000002029c6e3920, 13;
E_000002029c675c10/3 .event anyedge, v000002029c6e3920_10, v000002029c6e3920_11, v000002029c6e3920_12, v000002029c6e3920_13;
v000002029c6e3920_14 .array/port v000002029c6e3920, 14;
v000002029c6e3920_15 .array/port v000002029c6e3920, 15;
v000002029c6e3920_16 .array/port v000002029c6e3920, 16;
v000002029c6e3920_17 .array/port v000002029c6e3920, 17;
E_000002029c675c10/4 .event anyedge, v000002029c6e3920_14, v000002029c6e3920_15, v000002029c6e3920_16, v000002029c6e3920_17;
v000002029c6e3920_18 .array/port v000002029c6e3920, 18;
v000002029c6e3920_19 .array/port v000002029c6e3920, 19;
v000002029c6e3920_20 .array/port v000002029c6e3920, 20;
v000002029c6e3920_21 .array/port v000002029c6e3920, 21;
E_000002029c675c10/5 .event anyedge, v000002029c6e3920_18, v000002029c6e3920_19, v000002029c6e3920_20, v000002029c6e3920_21;
v000002029c6e3920_22 .array/port v000002029c6e3920, 22;
v000002029c6e3920_23 .array/port v000002029c6e3920, 23;
v000002029c6e3920_24 .array/port v000002029c6e3920, 24;
v000002029c6e3920_25 .array/port v000002029c6e3920, 25;
E_000002029c675c10/6 .event anyedge, v000002029c6e3920_22, v000002029c6e3920_23, v000002029c6e3920_24, v000002029c6e3920_25;
v000002029c6e3920_26 .array/port v000002029c6e3920, 26;
v000002029c6e3920_27 .array/port v000002029c6e3920, 27;
v000002029c6e3920_28 .array/port v000002029c6e3920, 28;
v000002029c6e3920_29 .array/port v000002029c6e3920, 29;
E_000002029c675c10/7 .event anyedge, v000002029c6e3920_26, v000002029c6e3920_27, v000002029c6e3920_28, v000002029c6e3920_29;
v000002029c6e3920_30 .array/port v000002029c6e3920, 30;
v000002029c6e3920_31 .array/port v000002029c6e3920, 31;
v000002029c6e3920_32 .array/port v000002029c6e3920, 32;
v000002029c6e3920_33 .array/port v000002029c6e3920, 33;
E_000002029c675c10/8 .event anyedge, v000002029c6e3920_30, v000002029c6e3920_31, v000002029c6e3920_32, v000002029c6e3920_33;
v000002029c6e3920_34 .array/port v000002029c6e3920, 34;
v000002029c6e3920_35 .array/port v000002029c6e3920, 35;
v000002029c6e3920_36 .array/port v000002029c6e3920, 36;
v000002029c6e3920_37 .array/port v000002029c6e3920, 37;
E_000002029c675c10/9 .event anyedge, v000002029c6e3920_34, v000002029c6e3920_35, v000002029c6e3920_36, v000002029c6e3920_37;
v000002029c6e3920_38 .array/port v000002029c6e3920, 38;
v000002029c6e3920_39 .array/port v000002029c6e3920, 39;
v000002029c6e3920_40 .array/port v000002029c6e3920, 40;
v000002029c6e3920_41 .array/port v000002029c6e3920, 41;
E_000002029c675c10/10 .event anyedge, v000002029c6e3920_38, v000002029c6e3920_39, v000002029c6e3920_40, v000002029c6e3920_41;
v000002029c6e3920_42 .array/port v000002029c6e3920, 42;
v000002029c6e3920_43 .array/port v000002029c6e3920, 43;
v000002029c6e3920_44 .array/port v000002029c6e3920, 44;
v000002029c6e3920_45 .array/port v000002029c6e3920, 45;
E_000002029c675c10/11 .event anyedge, v000002029c6e3920_42, v000002029c6e3920_43, v000002029c6e3920_44, v000002029c6e3920_45;
v000002029c6e3920_46 .array/port v000002029c6e3920, 46;
v000002029c6e3920_47 .array/port v000002029c6e3920, 47;
v000002029c6e3920_48 .array/port v000002029c6e3920, 48;
v000002029c6e3920_49 .array/port v000002029c6e3920, 49;
E_000002029c675c10/12 .event anyedge, v000002029c6e3920_46, v000002029c6e3920_47, v000002029c6e3920_48, v000002029c6e3920_49;
v000002029c6e3920_50 .array/port v000002029c6e3920, 50;
v000002029c6e3920_51 .array/port v000002029c6e3920, 51;
v000002029c6e3920_52 .array/port v000002029c6e3920, 52;
v000002029c6e3920_53 .array/port v000002029c6e3920, 53;
E_000002029c675c10/13 .event anyedge, v000002029c6e3920_50, v000002029c6e3920_51, v000002029c6e3920_52, v000002029c6e3920_53;
v000002029c6e3920_54 .array/port v000002029c6e3920, 54;
v000002029c6e3920_55 .array/port v000002029c6e3920, 55;
v000002029c6e3920_56 .array/port v000002029c6e3920, 56;
v000002029c6e3920_57 .array/port v000002029c6e3920, 57;
E_000002029c675c10/14 .event anyedge, v000002029c6e3920_54, v000002029c6e3920_55, v000002029c6e3920_56, v000002029c6e3920_57;
v000002029c6e3920_58 .array/port v000002029c6e3920, 58;
v000002029c6e3920_59 .array/port v000002029c6e3920, 59;
v000002029c6e3920_60 .array/port v000002029c6e3920, 60;
v000002029c6e3920_61 .array/port v000002029c6e3920, 61;
E_000002029c675c10/15 .event anyedge, v000002029c6e3920_58, v000002029c6e3920_59, v000002029c6e3920_60, v000002029c6e3920_61;
v000002029c6e3920_62 .array/port v000002029c6e3920, 62;
v000002029c6e3920_63 .array/port v000002029c6e3920, 63;
v000002029c6e5a70_0 .array/port v000002029c6e5a70, 0;
E_000002029c675c10/16 .event anyedge, v000002029c6e3920_62, v000002029c6e3920_63, v000002029c6e4500_0, v000002029c6e5a70_0;
v000002029c6e5a70_1 .array/port v000002029c6e5a70, 1;
v000002029c6e5a70_2 .array/port v000002029c6e5a70, 2;
v000002029c6e5a70_3 .array/port v000002029c6e5a70, 3;
v000002029c6e5a70_4 .array/port v000002029c6e5a70, 4;
E_000002029c675c10/17 .event anyedge, v000002029c6e5a70_1, v000002029c6e5a70_2, v000002029c6e5a70_3, v000002029c6e5a70_4;
v000002029c6e5a70_5 .array/port v000002029c6e5a70, 5;
v000002029c6e5a70_6 .array/port v000002029c6e5a70, 6;
v000002029c6e5a70_7 .array/port v000002029c6e5a70, 7;
v000002029c6e5a70_8 .array/port v000002029c6e5a70, 8;
E_000002029c675c10/18 .event anyedge, v000002029c6e5a70_5, v000002029c6e5a70_6, v000002029c6e5a70_7, v000002029c6e5a70_8;
v000002029c6e5a70_9 .array/port v000002029c6e5a70, 9;
v000002029c6e5a70_10 .array/port v000002029c6e5a70, 10;
v000002029c6e5a70_11 .array/port v000002029c6e5a70, 11;
v000002029c6e5a70_12 .array/port v000002029c6e5a70, 12;
E_000002029c675c10/19 .event anyedge, v000002029c6e5a70_9, v000002029c6e5a70_10, v000002029c6e5a70_11, v000002029c6e5a70_12;
v000002029c6e5a70_13 .array/port v000002029c6e5a70, 13;
v000002029c6e5a70_14 .array/port v000002029c6e5a70, 14;
v000002029c6e5a70_15 .array/port v000002029c6e5a70, 15;
v000002029c6e5a70_16 .array/port v000002029c6e5a70, 16;
E_000002029c675c10/20 .event anyedge, v000002029c6e5a70_13, v000002029c6e5a70_14, v000002029c6e5a70_15, v000002029c6e5a70_16;
v000002029c6e5a70_17 .array/port v000002029c6e5a70, 17;
v000002029c6e5a70_18 .array/port v000002029c6e5a70, 18;
v000002029c6e5a70_19 .array/port v000002029c6e5a70, 19;
v000002029c6e5a70_20 .array/port v000002029c6e5a70, 20;
E_000002029c675c10/21 .event anyedge, v000002029c6e5a70_17, v000002029c6e5a70_18, v000002029c6e5a70_19, v000002029c6e5a70_20;
v000002029c6e5a70_21 .array/port v000002029c6e5a70, 21;
v000002029c6e5a70_22 .array/port v000002029c6e5a70, 22;
v000002029c6e5a70_23 .array/port v000002029c6e5a70, 23;
v000002029c6e5a70_24 .array/port v000002029c6e5a70, 24;
E_000002029c675c10/22 .event anyedge, v000002029c6e5a70_21, v000002029c6e5a70_22, v000002029c6e5a70_23, v000002029c6e5a70_24;
v000002029c6e5a70_25 .array/port v000002029c6e5a70, 25;
v000002029c6e5a70_26 .array/port v000002029c6e5a70, 26;
v000002029c6e5a70_27 .array/port v000002029c6e5a70, 27;
v000002029c6e5a70_28 .array/port v000002029c6e5a70, 28;
E_000002029c675c10/23 .event anyedge, v000002029c6e5a70_25, v000002029c6e5a70_26, v000002029c6e5a70_27, v000002029c6e5a70_28;
v000002029c6e5a70_29 .array/port v000002029c6e5a70, 29;
v000002029c6e5a70_30 .array/port v000002029c6e5a70, 30;
v000002029c6e5a70_31 .array/port v000002029c6e5a70, 31;
v000002029c6e5a70_32 .array/port v000002029c6e5a70, 32;
E_000002029c675c10/24 .event anyedge, v000002029c6e5a70_29, v000002029c6e5a70_30, v000002029c6e5a70_31, v000002029c6e5a70_32;
v000002029c6e5a70_33 .array/port v000002029c6e5a70, 33;
v000002029c6e5a70_34 .array/port v000002029c6e5a70, 34;
v000002029c6e5a70_35 .array/port v000002029c6e5a70, 35;
v000002029c6e5a70_36 .array/port v000002029c6e5a70, 36;
E_000002029c675c10/25 .event anyedge, v000002029c6e5a70_33, v000002029c6e5a70_34, v000002029c6e5a70_35, v000002029c6e5a70_36;
v000002029c6e5a70_37 .array/port v000002029c6e5a70, 37;
v000002029c6e5a70_38 .array/port v000002029c6e5a70, 38;
v000002029c6e5a70_39 .array/port v000002029c6e5a70, 39;
v000002029c6e5a70_40 .array/port v000002029c6e5a70, 40;
E_000002029c675c10/26 .event anyedge, v000002029c6e5a70_37, v000002029c6e5a70_38, v000002029c6e5a70_39, v000002029c6e5a70_40;
v000002029c6e5a70_41 .array/port v000002029c6e5a70, 41;
v000002029c6e5a70_42 .array/port v000002029c6e5a70, 42;
v000002029c6e5a70_43 .array/port v000002029c6e5a70, 43;
v000002029c6e5a70_44 .array/port v000002029c6e5a70, 44;
E_000002029c675c10/27 .event anyedge, v000002029c6e5a70_41, v000002029c6e5a70_42, v000002029c6e5a70_43, v000002029c6e5a70_44;
v000002029c6e5a70_45 .array/port v000002029c6e5a70, 45;
v000002029c6e5a70_46 .array/port v000002029c6e5a70, 46;
v000002029c6e5a70_47 .array/port v000002029c6e5a70, 47;
v000002029c6e5a70_48 .array/port v000002029c6e5a70, 48;
E_000002029c675c10/28 .event anyedge, v000002029c6e5a70_45, v000002029c6e5a70_46, v000002029c6e5a70_47, v000002029c6e5a70_48;
v000002029c6e5a70_49 .array/port v000002029c6e5a70, 49;
v000002029c6e5a70_50 .array/port v000002029c6e5a70, 50;
v000002029c6e5a70_51 .array/port v000002029c6e5a70, 51;
v000002029c6e5a70_52 .array/port v000002029c6e5a70, 52;
E_000002029c675c10/29 .event anyedge, v000002029c6e5a70_49, v000002029c6e5a70_50, v000002029c6e5a70_51, v000002029c6e5a70_52;
v000002029c6e5a70_53 .array/port v000002029c6e5a70, 53;
v000002029c6e5a70_54 .array/port v000002029c6e5a70, 54;
v000002029c6e5a70_55 .array/port v000002029c6e5a70, 55;
v000002029c6e5a70_56 .array/port v000002029c6e5a70, 56;
E_000002029c675c10/30 .event anyedge, v000002029c6e5a70_53, v000002029c6e5a70_54, v000002029c6e5a70_55, v000002029c6e5a70_56;
v000002029c6e5a70_57 .array/port v000002029c6e5a70, 57;
v000002029c6e5a70_58 .array/port v000002029c6e5a70, 58;
v000002029c6e5a70_59 .array/port v000002029c6e5a70, 59;
v000002029c6e5a70_60 .array/port v000002029c6e5a70, 60;
E_000002029c675c10/31 .event anyedge, v000002029c6e5a70_57, v000002029c6e5a70_58, v000002029c6e5a70_59, v000002029c6e5a70_60;
v000002029c6e5a70_61 .array/port v000002029c6e5a70, 61;
v000002029c6e5a70_62 .array/port v000002029c6e5a70, 62;
v000002029c6e5a70_63 .array/port v000002029c6e5a70, 63;
v000002029c6e5a70_64 .array/port v000002029c6e5a70, 64;
E_000002029c675c10/32 .event anyedge, v000002029c6e5a70_61, v000002029c6e5a70_62, v000002029c6e5a70_63, v000002029c6e5a70_64;
v000002029c6e5a70_65 .array/port v000002029c6e5a70, 65;
v000002029c6e5a70_66 .array/port v000002029c6e5a70, 66;
v000002029c6e5a70_67 .array/port v000002029c6e5a70, 67;
v000002029c6e5a70_68 .array/port v000002029c6e5a70, 68;
E_000002029c675c10/33 .event anyedge, v000002029c6e5a70_65, v000002029c6e5a70_66, v000002029c6e5a70_67, v000002029c6e5a70_68;
v000002029c6e5a70_69 .array/port v000002029c6e5a70, 69;
v000002029c6e5a70_70 .array/port v000002029c6e5a70, 70;
v000002029c6e5a70_71 .array/port v000002029c6e5a70, 71;
v000002029c6e5a70_72 .array/port v000002029c6e5a70, 72;
E_000002029c675c10/34 .event anyedge, v000002029c6e5a70_69, v000002029c6e5a70_70, v000002029c6e5a70_71, v000002029c6e5a70_72;
v000002029c6e5a70_73 .array/port v000002029c6e5a70, 73;
v000002029c6e5a70_74 .array/port v000002029c6e5a70, 74;
v000002029c6e5a70_75 .array/port v000002029c6e5a70, 75;
v000002029c6e5a70_76 .array/port v000002029c6e5a70, 76;
E_000002029c675c10/35 .event anyedge, v000002029c6e5a70_73, v000002029c6e5a70_74, v000002029c6e5a70_75, v000002029c6e5a70_76;
v000002029c6e5a70_77 .array/port v000002029c6e5a70, 77;
v000002029c6e5a70_78 .array/port v000002029c6e5a70, 78;
v000002029c6e5a70_79 .array/port v000002029c6e5a70, 79;
v000002029c6e5a70_80 .array/port v000002029c6e5a70, 80;
E_000002029c675c10/36 .event anyedge, v000002029c6e5a70_77, v000002029c6e5a70_78, v000002029c6e5a70_79, v000002029c6e5a70_80;
v000002029c6e5a70_81 .array/port v000002029c6e5a70, 81;
v000002029c6e5a70_82 .array/port v000002029c6e5a70, 82;
v000002029c6e5a70_83 .array/port v000002029c6e5a70, 83;
v000002029c6e5a70_84 .array/port v000002029c6e5a70, 84;
E_000002029c675c10/37 .event anyedge, v000002029c6e5a70_81, v000002029c6e5a70_82, v000002029c6e5a70_83, v000002029c6e5a70_84;
v000002029c6e5a70_85 .array/port v000002029c6e5a70, 85;
v000002029c6e5a70_86 .array/port v000002029c6e5a70, 86;
v000002029c6e5a70_87 .array/port v000002029c6e5a70, 87;
v000002029c6e5a70_88 .array/port v000002029c6e5a70, 88;
E_000002029c675c10/38 .event anyedge, v000002029c6e5a70_85, v000002029c6e5a70_86, v000002029c6e5a70_87, v000002029c6e5a70_88;
v000002029c6e5a70_89 .array/port v000002029c6e5a70, 89;
v000002029c6e5a70_90 .array/port v000002029c6e5a70, 90;
v000002029c6e5a70_91 .array/port v000002029c6e5a70, 91;
v000002029c6e5a70_92 .array/port v000002029c6e5a70, 92;
E_000002029c675c10/39 .event anyedge, v000002029c6e5a70_89, v000002029c6e5a70_90, v000002029c6e5a70_91, v000002029c6e5a70_92;
v000002029c6e5a70_93 .array/port v000002029c6e5a70, 93;
v000002029c6e5a70_94 .array/port v000002029c6e5a70, 94;
v000002029c6e5a70_95 .array/port v000002029c6e5a70, 95;
v000002029c6e5a70_96 .array/port v000002029c6e5a70, 96;
E_000002029c675c10/40 .event anyedge, v000002029c6e5a70_93, v000002029c6e5a70_94, v000002029c6e5a70_95, v000002029c6e5a70_96;
v000002029c6e5a70_97 .array/port v000002029c6e5a70, 97;
v000002029c6e5a70_98 .array/port v000002029c6e5a70, 98;
v000002029c6e5a70_99 .array/port v000002029c6e5a70, 99;
v000002029c6e5a70_100 .array/port v000002029c6e5a70, 100;
E_000002029c675c10/41 .event anyedge, v000002029c6e5a70_97, v000002029c6e5a70_98, v000002029c6e5a70_99, v000002029c6e5a70_100;
v000002029c6e5a70_101 .array/port v000002029c6e5a70, 101;
v000002029c6e5a70_102 .array/port v000002029c6e5a70, 102;
v000002029c6e5a70_103 .array/port v000002029c6e5a70, 103;
v000002029c6e5a70_104 .array/port v000002029c6e5a70, 104;
E_000002029c675c10/42 .event anyedge, v000002029c6e5a70_101, v000002029c6e5a70_102, v000002029c6e5a70_103, v000002029c6e5a70_104;
v000002029c6e5a70_105 .array/port v000002029c6e5a70, 105;
v000002029c6e5a70_106 .array/port v000002029c6e5a70, 106;
v000002029c6e5a70_107 .array/port v000002029c6e5a70, 107;
v000002029c6e5a70_108 .array/port v000002029c6e5a70, 108;
E_000002029c675c10/43 .event anyedge, v000002029c6e5a70_105, v000002029c6e5a70_106, v000002029c6e5a70_107, v000002029c6e5a70_108;
v000002029c6e5a70_109 .array/port v000002029c6e5a70, 109;
v000002029c6e5a70_110 .array/port v000002029c6e5a70, 110;
v000002029c6e5a70_111 .array/port v000002029c6e5a70, 111;
v000002029c6e5a70_112 .array/port v000002029c6e5a70, 112;
E_000002029c675c10/44 .event anyedge, v000002029c6e5a70_109, v000002029c6e5a70_110, v000002029c6e5a70_111, v000002029c6e5a70_112;
v000002029c6e5a70_113 .array/port v000002029c6e5a70, 113;
v000002029c6e5a70_114 .array/port v000002029c6e5a70, 114;
v000002029c6e5a70_115 .array/port v000002029c6e5a70, 115;
v000002029c6e5a70_116 .array/port v000002029c6e5a70, 116;
E_000002029c675c10/45 .event anyedge, v000002029c6e5a70_113, v000002029c6e5a70_114, v000002029c6e5a70_115, v000002029c6e5a70_116;
v000002029c6e5a70_117 .array/port v000002029c6e5a70, 117;
v000002029c6e5a70_118 .array/port v000002029c6e5a70, 118;
v000002029c6e5a70_119 .array/port v000002029c6e5a70, 119;
v000002029c6e5a70_120 .array/port v000002029c6e5a70, 120;
E_000002029c675c10/46 .event anyedge, v000002029c6e5a70_117, v000002029c6e5a70_118, v000002029c6e5a70_119, v000002029c6e5a70_120;
v000002029c6e5a70_121 .array/port v000002029c6e5a70, 121;
v000002029c6e5a70_122 .array/port v000002029c6e5a70, 122;
v000002029c6e5a70_123 .array/port v000002029c6e5a70, 123;
v000002029c6e5a70_124 .array/port v000002029c6e5a70, 124;
E_000002029c675c10/47 .event anyedge, v000002029c6e5a70_121, v000002029c6e5a70_122, v000002029c6e5a70_123, v000002029c6e5a70_124;
v000002029c6e5a70_125 .array/port v000002029c6e5a70, 125;
v000002029c6e5a70_126 .array/port v000002029c6e5a70, 126;
v000002029c6e5a70_127 .array/port v000002029c6e5a70, 127;
v000002029c6e5a70_128 .array/port v000002029c6e5a70, 128;
E_000002029c675c10/48 .event anyedge, v000002029c6e5a70_125, v000002029c6e5a70_126, v000002029c6e5a70_127, v000002029c6e5a70_128;
v000002029c6e5a70_129 .array/port v000002029c6e5a70, 129;
v000002029c6e5a70_130 .array/port v000002029c6e5a70, 130;
v000002029c6e5a70_131 .array/port v000002029c6e5a70, 131;
v000002029c6e5a70_132 .array/port v000002029c6e5a70, 132;
E_000002029c675c10/49 .event anyedge, v000002029c6e5a70_129, v000002029c6e5a70_130, v000002029c6e5a70_131, v000002029c6e5a70_132;
v000002029c6e5a70_133 .array/port v000002029c6e5a70, 133;
v000002029c6e5a70_134 .array/port v000002029c6e5a70, 134;
v000002029c6e5a70_135 .array/port v000002029c6e5a70, 135;
v000002029c6e5a70_136 .array/port v000002029c6e5a70, 136;
E_000002029c675c10/50 .event anyedge, v000002029c6e5a70_133, v000002029c6e5a70_134, v000002029c6e5a70_135, v000002029c6e5a70_136;
v000002029c6e5a70_137 .array/port v000002029c6e5a70, 137;
v000002029c6e5a70_138 .array/port v000002029c6e5a70, 138;
v000002029c6e5a70_139 .array/port v000002029c6e5a70, 139;
v000002029c6e5a70_140 .array/port v000002029c6e5a70, 140;
E_000002029c675c10/51 .event anyedge, v000002029c6e5a70_137, v000002029c6e5a70_138, v000002029c6e5a70_139, v000002029c6e5a70_140;
v000002029c6e5a70_141 .array/port v000002029c6e5a70, 141;
v000002029c6e5a70_142 .array/port v000002029c6e5a70, 142;
v000002029c6e5a70_143 .array/port v000002029c6e5a70, 143;
v000002029c6e5a70_144 .array/port v000002029c6e5a70, 144;
E_000002029c675c10/52 .event anyedge, v000002029c6e5a70_141, v000002029c6e5a70_142, v000002029c6e5a70_143, v000002029c6e5a70_144;
v000002029c6e5a70_145 .array/port v000002029c6e5a70, 145;
v000002029c6e5a70_146 .array/port v000002029c6e5a70, 146;
v000002029c6e5a70_147 .array/port v000002029c6e5a70, 147;
v000002029c6e5a70_148 .array/port v000002029c6e5a70, 148;
E_000002029c675c10/53 .event anyedge, v000002029c6e5a70_145, v000002029c6e5a70_146, v000002029c6e5a70_147, v000002029c6e5a70_148;
v000002029c6e5a70_149 .array/port v000002029c6e5a70, 149;
v000002029c6e5a70_150 .array/port v000002029c6e5a70, 150;
v000002029c6e5a70_151 .array/port v000002029c6e5a70, 151;
v000002029c6e5a70_152 .array/port v000002029c6e5a70, 152;
E_000002029c675c10/54 .event anyedge, v000002029c6e5a70_149, v000002029c6e5a70_150, v000002029c6e5a70_151, v000002029c6e5a70_152;
v000002029c6e5a70_153 .array/port v000002029c6e5a70, 153;
v000002029c6e5a70_154 .array/port v000002029c6e5a70, 154;
v000002029c6e5a70_155 .array/port v000002029c6e5a70, 155;
v000002029c6e5a70_156 .array/port v000002029c6e5a70, 156;
E_000002029c675c10/55 .event anyedge, v000002029c6e5a70_153, v000002029c6e5a70_154, v000002029c6e5a70_155, v000002029c6e5a70_156;
v000002029c6e5a70_157 .array/port v000002029c6e5a70, 157;
v000002029c6e5a70_158 .array/port v000002029c6e5a70, 158;
v000002029c6e5a70_159 .array/port v000002029c6e5a70, 159;
v000002029c6e5a70_160 .array/port v000002029c6e5a70, 160;
E_000002029c675c10/56 .event anyedge, v000002029c6e5a70_157, v000002029c6e5a70_158, v000002029c6e5a70_159, v000002029c6e5a70_160;
v000002029c6e5a70_161 .array/port v000002029c6e5a70, 161;
v000002029c6e5a70_162 .array/port v000002029c6e5a70, 162;
v000002029c6e5a70_163 .array/port v000002029c6e5a70, 163;
v000002029c6e5a70_164 .array/port v000002029c6e5a70, 164;
E_000002029c675c10/57 .event anyedge, v000002029c6e5a70_161, v000002029c6e5a70_162, v000002029c6e5a70_163, v000002029c6e5a70_164;
v000002029c6e5a70_165 .array/port v000002029c6e5a70, 165;
v000002029c6e5a70_166 .array/port v000002029c6e5a70, 166;
v000002029c6e5a70_167 .array/port v000002029c6e5a70, 167;
v000002029c6e5a70_168 .array/port v000002029c6e5a70, 168;
E_000002029c675c10/58 .event anyedge, v000002029c6e5a70_165, v000002029c6e5a70_166, v000002029c6e5a70_167, v000002029c6e5a70_168;
v000002029c6e5a70_169 .array/port v000002029c6e5a70, 169;
v000002029c6e5a70_170 .array/port v000002029c6e5a70, 170;
v000002029c6e5a70_171 .array/port v000002029c6e5a70, 171;
v000002029c6e5a70_172 .array/port v000002029c6e5a70, 172;
E_000002029c675c10/59 .event anyedge, v000002029c6e5a70_169, v000002029c6e5a70_170, v000002029c6e5a70_171, v000002029c6e5a70_172;
v000002029c6e5a70_173 .array/port v000002029c6e5a70, 173;
v000002029c6e5a70_174 .array/port v000002029c6e5a70, 174;
v000002029c6e5a70_175 .array/port v000002029c6e5a70, 175;
v000002029c6e5a70_176 .array/port v000002029c6e5a70, 176;
E_000002029c675c10/60 .event anyedge, v000002029c6e5a70_173, v000002029c6e5a70_174, v000002029c6e5a70_175, v000002029c6e5a70_176;
v000002029c6e5a70_177 .array/port v000002029c6e5a70, 177;
v000002029c6e5a70_178 .array/port v000002029c6e5a70, 178;
v000002029c6e5a70_179 .array/port v000002029c6e5a70, 179;
v000002029c6e5a70_180 .array/port v000002029c6e5a70, 180;
E_000002029c675c10/61 .event anyedge, v000002029c6e5a70_177, v000002029c6e5a70_178, v000002029c6e5a70_179, v000002029c6e5a70_180;
v000002029c6e5a70_181 .array/port v000002029c6e5a70, 181;
v000002029c6e5a70_182 .array/port v000002029c6e5a70, 182;
v000002029c6e5a70_183 .array/port v000002029c6e5a70, 183;
v000002029c6e5a70_184 .array/port v000002029c6e5a70, 184;
E_000002029c675c10/62 .event anyedge, v000002029c6e5a70_181, v000002029c6e5a70_182, v000002029c6e5a70_183, v000002029c6e5a70_184;
v000002029c6e5a70_185 .array/port v000002029c6e5a70, 185;
v000002029c6e5a70_186 .array/port v000002029c6e5a70, 186;
v000002029c6e5a70_187 .array/port v000002029c6e5a70, 187;
v000002029c6e5a70_188 .array/port v000002029c6e5a70, 188;
E_000002029c675c10/63 .event anyedge, v000002029c6e5a70_185, v000002029c6e5a70_186, v000002029c6e5a70_187, v000002029c6e5a70_188;
v000002029c6e5a70_189 .array/port v000002029c6e5a70, 189;
v000002029c6e5a70_190 .array/port v000002029c6e5a70, 190;
v000002029c6e5a70_191 .array/port v000002029c6e5a70, 191;
v000002029c6e5a70_192 .array/port v000002029c6e5a70, 192;
E_000002029c675c10/64 .event anyedge, v000002029c6e5a70_189, v000002029c6e5a70_190, v000002029c6e5a70_191, v000002029c6e5a70_192;
v000002029c6e5a70_193 .array/port v000002029c6e5a70, 193;
v000002029c6e5a70_194 .array/port v000002029c6e5a70, 194;
v000002029c6e5a70_195 .array/port v000002029c6e5a70, 195;
v000002029c6e5a70_196 .array/port v000002029c6e5a70, 196;
E_000002029c675c10/65 .event anyedge, v000002029c6e5a70_193, v000002029c6e5a70_194, v000002029c6e5a70_195, v000002029c6e5a70_196;
v000002029c6e5a70_197 .array/port v000002029c6e5a70, 197;
v000002029c6e5a70_198 .array/port v000002029c6e5a70, 198;
v000002029c6e5a70_199 .array/port v000002029c6e5a70, 199;
v000002029c6e5a70_200 .array/port v000002029c6e5a70, 200;
E_000002029c675c10/66 .event anyedge, v000002029c6e5a70_197, v000002029c6e5a70_198, v000002029c6e5a70_199, v000002029c6e5a70_200;
v000002029c6e5a70_201 .array/port v000002029c6e5a70, 201;
v000002029c6e5a70_202 .array/port v000002029c6e5a70, 202;
v000002029c6e5a70_203 .array/port v000002029c6e5a70, 203;
v000002029c6e5a70_204 .array/port v000002029c6e5a70, 204;
E_000002029c675c10/67 .event anyedge, v000002029c6e5a70_201, v000002029c6e5a70_202, v000002029c6e5a70_203, v000002029c6e5a70_204;
v000002029c6e5a70_205 .array/port v000002029c6e5a70, 205;
v000002029c6e5a70_206 .array/port v000002029c6e5a70, 206;
v000002029c6e5a70_207 .array/port v000002029c6e5a70, 207;
v000002029c6e5a70_208 .array/port v000002029c6e5a70, 208;
E_000002029c675c10/68 .event anyedge, v000002029c6e5a70_205, v000002029c6e5a70_206, v000002029c6e5a70_207, v000002029c6e5a70_208;
v000002029c6e5a70_209 .array/port v000002029c6e5a70, 209;
v000002029c6e5a70_210 .array/port v000002029c6e5a70, 210;
v000002029c6e5a70_211 .array/port v000002029c6e5a70, 211;
v000002029c6e5a70_212 .array/port v000002029c6e5a70, 212;
E_000002029c675c10/69 .event anyedge, v000002029c6e5a70_209, v000002029c6e5a70_210, v000002029c6e5a70_211, v000002029c6e5a70_212;
v000002029c6e5a70_213 .array/port v000002029c6e5a70, 213;
v000002029c6e5a70_214 .array/port v000002029c6e5a70, 214;
v000002029c6e5a70_215 .array/port v000002029c6e5a70, 215;
v000002029c6e5a70_216 .array/port v000002029c6e5a70, 216;
E_000002029c675c10/70 .event anyedge, v000002029c6e5a70_213, v000002029c6e5a70_214, v000002029c6e5a70_215, v000002029c6e5a70_216;
v000002029c6e5a70_217 .array/port v000002029c6e5a70, 217;
v000002029c6e5a70_218 .array/port v000002029c6e5a70, 218;
v000002029c6e5a70_219 .array/port v000002029c6e5a70, 219;
v000002029c6e5a70_220 .array/port v000002029c6e5a70, 220;
E_000002029c675c10/71 .event anyedge, v000002029c6e5a70_217, v000002029c6e5a70_218, v000002029c6e5a70_219, v000002029c6e5a70_220;
v000002029c6e5a70_221 .array/port v000002029c6e5a70, 221;
v000002029c6e5a70_222 .array/port v000002029c6e5a70, 222;
v000002029c6e5a70_223 .array/port v000002029c6e5a70, 223;
v000002029c6e5a70_224 .array/port v000002029c6e5a70, 224;
E_000002029c675c10/72 .event anyedge, v000002029c6e5a70_221, v000002029c6e5a70_222, v000002029c6e5a70_223, v000002029c6e5a70_224;
v000002029c6e5a70_225 .array/port v000002029c6e5a70, 225;
v000002029c6e5a70_226 .array/port v000002029c6e5a70, 226;
v000002029c6e5a70_227 .array/port v000002029c6e5a70, 227;
v000002029c6e5a70_228 .array/port v000002029c6e5a70, 228;
E_000002029c675c10/73 .event anyedge, v000002029c6e5a70_225, v000002029c6e5a70_226, v000002029c6e5a70_227, v000002029c6e5a70_228;
v000002029c6e5a70_229 .array/port v000002029c6e5a70, 229;
v000002029c6e5a70_230 .array/port v000002029c6e5a70, 230;
v000002029c6e5a70_231 .array/port v000002029c6e5a70, 231;
v000002029c6e5a70_232 .array/port v000002029c6e5a70, 232;
E_000002029c675c10/74 .event anyedge, v000002029c6e5a70_229, v000002029c6e5a70_230, v000002029c6e5a70_231, v000002029c6e5a70_232;
v000002029c6e5a70_233 .array/port v000002029c6e5a70, 233;
v000002029c6e5a70_234 .array/port v000002029c6e5a70, 234;
v000002029c6e5a70_235 .array/port v000002029c6e5a70, 235;
v000002029c6e5a70_236 .array/port v000002029c6e5a70, 236;
E_000002029c675c10/75 .event anyedge, v000002029c6e5a70_233, v000002029c6e5a70_234, v000002029c6e5a70_235, v000002029c6e5a70_236;
v000002029c6e5a70_237 .array/port v000002029c6e5a70, 237;
v000002029c6e5a70_238 .array/port v000002029c6e5a70, 238;
v000002029c6e5a70_239 .array/port v000002029c6e5a70, 239;
v000002029c6e5a70_240 .array/port v000002029c6e5a70, 240;
E_000002029c675c10/76 .event anyedge, v000002029c6e5a70_237, v000002029c6e5a70_238, v000002029c6e5a70_239, v000002029c6e5a70_240;
v000002029c6e5a70_241 .array/port v000002029c6e5a70, 241;
v000002029c6e5a70_242 .array/port v000002029c6e5a70, 242;
v000002029c6e5a70_243 .array/port v000002029c6e5a70, 243;
v000002029c6e5a70_244 .array/port v000002029c6e5a70, 244;
E_000002029c675c10/77 .event anyedge, v000002029c6e5a70_241, v000002029c6e5a70_242, v000002029c6e5a70_243, v000002029c6e5a70_244;
v000002029c6e5a70_245 .array/port v000002029c6e5a70, 245;
v000002029c6e5a70_246 .array/port v000002029c6e5a70, 246;
v000002029c6e5a70_247 .array/port v000002029c6e5a70, 247;
v000002029c6e5a70_248 .array/port v000002029c6e5a70, 248;
E_000002029c675c10/78 .event anyedge, v000002029c6e5a70_245, v000002029c6e5a70_246, v000002029c6e5a70_247, v000002029c6e5a70_248;
v000002029c6e5a70_249 .array/port v000002029c6e5a70, 249;
v000002029c6e5a70_250 .array/port v000002029c6e5a70, 250;
v000002029c6e5a70_251 .array/port v000002029c6e5a70, 251;
v000002029c6e5a70_252 .array/port v000002029c6e5a70, 252;
E_000002029c675c10/79 .event anyedge, v000002029c6e5a70_249, v000002029c6e5a70_250, v000002029c6e5a70_251, v000002029c6e5a70_252;
v000002029c6e5a70_253 .array/port v000002029c6e5a70, 253;
v000002029c6e5a70_254 .array/port v000002029c6e5a70, 254;
v000002029c6e5a70_255 .array/port v000002029c6e5a70, 255;
v000002029c6e5a70_256 .array/port v000002029c6e5a70, 256;
E_000002029c675c10/80 .event anyedge, v000002029c6e5a70_253, v000002029c6e5a70_254, v000002029c6e5a70_255, v000002029c6e5a70_256;
v000002029c6e5a70_257 .array/port v000002029c6e5a70, 257;
v000002029c6e5a70_258 .array/port v000002029c6e5a70, 258;
v000002029c6e5a70_259 .array/port v000002029c6e5a70, 259;
v000002029c6e5a70_260 .array/port v000002029c6e5a70, 260;
E_000002029c675c10/81 .event anyedge, v000002029c6e5a70_257, v000002029c6e5a70_258, v000002029c6e5a70_259, v000002029c6e5a70_260;
v000002029c6e5a70_261 .array/port v000002029c6e5a70, 261;
v000002029c6e5a70_262 .array/port v000002029c6e5a70, 262;
v000002029c6e5a70_263 .array/port v000002029c6e5a70, 263;
v000002029c6e5a70_264 .array/port v000002029c6e5a70, 264;
E_000002029c675c10/82 .event anyedge, v000002029c6e5a70_261, v000002029c6e5a70_262, v000002029c6e5a70_263, v000002029c6e5a70_264;
v000002029c6e5a70_265 .array/port v000002029c6e5a70, 265;
v000002029c6e5a70_266 .array/port v000002029c6e5a70, 266;
v000002029c6e5a70_267 .array/port v000002029c6e5a70, 267;
v000002029c6e5a70_268 .array/port v000002029c6e5a70, 268;
E_000002029c675c10/83 .event anyedge, v000002029c6e5a70_265, v000002029c6e5a70_266, v000002029c6e5a70_267, v000002029c6e5a70_268;
v000002029c6e5a70_269 .array/port v000002029c6e5a70, 269;
v000002029c6e5a70_270 .array/port v000002029c6e5a70, 270;
v000002029c6e5a70_271 .array/port v000002029c6e5a70, 271;
v000002029c6e5a70_272 .array/port v000002029c6e5a70, 272;
E_000002029c675c10/84 .event anyedge, v000002029c6e5a70_269, v000002029c6e5a70_270, v000002029c6e5a70_271, v000002029c6e5a70_272;
v000002029c6e5a70_273 .array/port v000002029c6e5a70, 273;
v000002029c6e5a70_274 .array/port v000002029c6e5a70, 274;
v000002029c6e5a70_275 .array/port v000002029c6e5a70, 275;
v000002029c6e5a70_276 .array/port v000002029c6e5a70, 276;
E_000002029c675c10/85 .event anyedge, v000002029c6e5a70_273, v000002029c6e5a70_274, v000002029c6e5a70_275, v000002029c6e5a70_276;
v000002029c6e5a70_277 .array/port v000002029c6e5a70, 277;
v000002029c6e5a70_278 .array/port v000002029c6e5a70, 278;
v000002029c6e5a70_279 .array/port v000002029c6e5a70, 279;
v000002029c6e5a70_280 .array/port v000002029c6e5a70, 280;
E_000002029c675c10/86 .event anyedge, v000002029c6e5a70_277, v000002029c6e5a70_278, v000002029c6e5a70_279, v000002029c6e5a70_280;
v000002029c6e5a70_281 .array/port v000002029c6e5a70, 281;
v000002029c6e5a70_282 .array/port v000002029c6e5a70, 282;
v000002029c6e5a70_283 .array/port v000002029c6e5a70, 283;
v000002029c6e5a70_284 .array/port v000002029c6e5a70, 284;
E_000002029c675c10/87 .event anyedge, v000002029c6e5a70_281, v000002029c6e5a70_282, v000002029c6e5a70_283, v000002029c6e5a70_284;
v000002029c6e5a70_285 .array/port v000002029c6e5a70, 285;
v000002029c6e5a70_286 .array/port v000002029c6e5a70, 286;
v000002029c6e5a70_287 .array/port v000002029c6e5a70, 287;
v000002029c6e5a70_288 .array/port v000002029c6e5a70, 288;
E_000002029c675c10/88 .event anyedge, v000002029c6e5a70_285, v000002029c6e5a70_286, v000002029c6e5a70_287, v000002029c6e5a70_288;
v000002029c6e5a70_289 .array/port v000002029c6e5a70, 289;
v000002029c6e5a70_290 .array/port v000002029c6e5a70, 290;
v000002029c6e5a70_291 .array/port v000002029c6e5a70, 291;
v000002029c6e5a70_292 .array/port v000002029c6e5a70, 292;
E_000002029c675c10/89 .event anyedge, v000002029c6e5a70_289, v000002029c6e5a70_290, v000002029c6e5a70_291, v000002029c6e5a70_292;
v000002029c6e5a70_293 .array/port v000002029c6e5a70, 293;
v000002029c6e5a70_294 .array/port v000002029c6e5a70, 294;
v000002029c6e5a70_295 .array/port v000002029c6e5a70, 295;
v000002029c6e5a70_296 .array/port v000002029c6e5a70, 296;
E_000002029c675c10/90 .event anyedge, v000002029c6e5a70_293, v000002029c6e5a70_294, v000002029c6e5a70_295, v000002029c6e5a70_296;
v000002029c6e5a70_297 .array/port v000002029c6e5a70, 297;
v000002029c6e5a70_298 .array/port v000002029c6e5a70, 298;
v000002029c6e5a70_299 .array/port v000002029c6e5a70, 299;
v000002029c6e5a70_300 .array/port v000002029c6e5a70, 300;
E_000002029c675c10/91 .event anyedge, v000002029c6e5a70_297, v000002029c6e5a70_298, v000002029c6e5a70_299, v000002029c6e5a70_300;
v000002029c6e5a70_301 .array/port v000002029c6e5a70, 301;
v000002029c6e5a70_302 .array/port v000002029c6e5a70, 302;
v000002029c6e5a70_303 .array/port v000002029c6e5a70, 303;
v000002029c6e5a70_304 .array/port v000002029c6e5a70, 304;
E_000002029c675c10/92 .event anyedge, v000002029c6e5a70_301, v000002029c6e5a70_302, v000002029c6e5a70_303, v000002029c6e5a70_304;
v000002029c6e5a70_305 .array/port v000002029c6e5a70, 305;
v000002029c6e5a70_306 .array/port v000002029c6e5a70, 306;
v000002029c6e5a70_307 .array/port v000002029c6e5a70, 307;
v000002029c6e5a70_308 .array/port v000002029c6e5a70, 308;
E_000002029c675c10/93 .event anyedge, v000002029c6e5a70_305, v000002029c6e5a70_306, v000002029c6e5a70_307, v000002029c6e5a70_308;
v000002029c6e5a70_309 .array/port v000002029c6e5a70, 309;
v000002029c6e5a70_310 .array/port v000002029c6e5a70, 310;
v000002029c6e5a70_311 .array/port v000002029c6e5a70, 311;
v000002029c6e5a70_312 .array/port v000002029c6e5a70, 312;
E_000002029c675c10/94 .event anyedge, v000002029c6e5a70_309, v000002029c6e5a70_310, v000002029c6e5a70_311, v000002029c6e5a70_312;
v000002029c6e5a70_313 .array/port v000002029c6e5a70, 313;
v000002029c6e5a70_314 .array/port v000002029c6e5a70, 314;
v000002029c6e5a70_315 .array/port v000002029c6e5a70, 315;
v000002029c6e5a70_316 .array/port v000002029c6e5a70, 316;
E_000002029c675c10/95 .event anyedge, v000002029c6e5a70_313, v000002029c6e5a70_314, v000002029c6e5a70_315, v000002029c6e5a70_316;
v000002029c6e5a70_317 .array/port v000002029c6e5a70, 317;
v000002029c6e5a70_318 .array/port v000002029c6e5a70, 318;
v000002029c6e5a70_319 .array/port v000002029c6e5a70, 319;
v000002029c6e5a70_320 .array/port v000002029c6e5a70, 320;
E_000002029c675c10/96 .event anyedge, v000002029c6e5a70_317, v000002029c6e5a70_318, v000002029c6e5a70_319, v000002029c6e5a70_320;
v000002029c6e5a70_321 .array/port v000002029c6e5a70, 321;
v000002029c6e5a70_322 .array/port v000002029c6e5a70, 322;
v000002029c6e5a70_323 .array/port v000002029c6e5a70, 323;
v000002029c6e5a70_324 .array/port v000002029c6e5a70, 324;
E_000002029c675c10/97 .event anyedge, v000002029c6e5a70_321, v000002029c6e5a70_322, v000002029c6e5a70_323, v000002029c6e5a70_324;
v000002029c6e5a70_325 .array/port v000002029c6e5a70, 325;
v000002029c6e5a70_326 .array/port v000002029c6e5a70, 326;
v000002029c6e5a70_327 .array/port v000002029c6e5a70, 327;
v000002029c6e5a70_328 .array/port v000002029c6e5a70, 328;
E_000002029c675c10/98 .event anyedge, v000002029c6e5a70_325, v000002029c6e5a70_326, v000002029c6e5a70_327, v000002029c6e5a70_328;
v000002029c6e5a70_329 .array/port v000002029c6e5a70, 329;
v000002029c6e5a70_330 .array/port v000002029c6e5a70, 330;
v000002029c6e5a70_331 .array/port v000002029c6e5a70, 331;
v000002029c6e5a70_332 .array/port v000002029c6e5a70, 332;
E_000002029c675c10/99 .event anyedge, v000002029c6e5a70_329, v000002029c6e5a70_330, v000002029c6e5a70_331, v000002029c6e5a70_332;
v000002029c6e5a70_333 .array/port v000002029c6e5a70, 333;
v000002029c6e5a70_334 .array/port v000002029c6e5a70, 334;
v000002029c6e5a70_335 .array/port v000002029c6e5a70, 335;
v000002029c6e5a70_336 .array/port v000002029c6e5a70, 336;
E_000002029c675c10/100 .event anyedge, v000002029c6e5a70_333, v000002029c6e5a70_334, v000002029c6e5a70_335, v000002029c6e5a70_336;
v000002029c6e5a70_337 .array/port v000002029c6e5a70, 337;
v000002029c6e5a70_338 .array/port v000002029c6e5a70, 338;
v000002029c6e5a70_339 .array/port v000002029c6e5a70, 339;
v000002029c6e5a70_340 .array/port v000002029c6e5a70, 340;
E_000002029c675c10/101 .event anyedge, v000002029c6e5a70_337, v000002029c6e5a70_338, v000002029c6e5a70_339, v000002029c6e5a70_340;
v000002029c6e5a70_341 .array/port v000002029c6e5a70, 341;
v000002029c6e5a70_342 .array/port v000002029c6e5a70, 342;
v000002029c6e5a70_343 .array/port v000002029c6e5a70, 343;
v000002029c6e5a70_344 .array/port v000002029c6e5a70, 344;
E_000002029c675c10/102 .event anyedge, v000002029c6e5a70_341, v000002029c6e5a70_342, v000002029c6e5a70_343, v000002029c6e5a70_344;
v000002029c6e5a70_345 .array/port v000002029c6e5a70, 345;
v000002029c6e5a70_346 .array/port v000002029c6e5a70, 346;
v000002029c6e5a70_347 .array/port v000002029c6e5a70, 347;
v000002029c6e5a70_348 .array/port v000002029c6e5a70, 348;
E_000002029c675c10/103 .event anyedge, v000002029c6e5a70_345, v000002029c6e5a70_346, v000002029c6e5a70_347, v000002029c6e5a70_348;
v000002029c6e5a70_349 .array/port v000002029c6e5a70, 349;
v000002029c6e5a70_350 .array/port v000002029c6e5a70, 350;
v000002029c6e5a70_351 .array/port v000002029c6e5a70, 351;
v000002029c6e5a70_352 .array/port v000002029c6e5a70, 352;
E_000002029c675c10/104 .event anyedge, v000002029c6e5a70_349, v000002029c6e5a70_350, v000002029c6e5a70_351, v000002029c6e5a70_352;
v000002029c6e5a70_353 .array/port v000002029c6e5a70, 353;
v000002029c6e5a70_354 .array/port v000002029c6e5a70, 354;
v000002029c6e5a70_355 .array/port v000002029c6e5a70, 355;
v000002029c6e5a70_356 .array/port v000002029c6e5a70, 356;
E_000002029c675c10/105 .event anyedge, v000002029c6e5a70_353, v000002029c6e5a70_354, v000002029c6e5a70_355, v000002029c6e5a70_356;
v000002029c6e5a70_357 .array/port v000002029c6e5a70, 357;
v000002029c6e5a70_358 .array/port v000002029c6e5a70, 358;
v000002029c6e5a70_359 .array/port v000002029c6e5a70, 359;
v000002029c6e5a70_360 .array/port v000002029c6e5a70, 360;
E_000002029c675c10/106 .event anyedge, v000002029c6e5a70_357, v000002029c6e5a70_358, v000002029c6e5a70_359, v000002029c6e5a70_360;
v000002029c6e5a70_361 .array/port v000002029c6e5a70, 361;
v000002029c6e5a70_362 .array/port v000002029c6e5a70, 362;
v000002029c6e5a70_363 .array/port v000002029c6e5a70, 363;
v000002029c6e5a70_364 .array/port v000002029c6e5a70, 364;
E_000002029c675c10/107 .event anyedge, v000002029c6e5a70_361, v000002029c6e5a70_362, v000002029c6e5a70_363, v000002029c6e5a70_364;
v000002029c6e5a70_365 .array/port v000002029c6e5a70, 365;
v000002029c6e5a70_366 .array/port v000002029c6e5a70, 366;
v000002029c6e5a70_367 .array/port v000002029c6e5a70, 367;
v000002029c6e5a70_368 .array/port v000002029c6e5a70, 368;
E_000002029c675c10/108 .event anyedge, v000002029c6e5a70_365, v000002029c6e5a70_366, v000002029c6e5a70_367, v000002029c6e5a70_368;
v000002029c6e5a70_369 .array/port v000002029c6e5a70, 369;
v000002029c6e5a70_370 .array/port v000002029c6e5a70, 370;
v000002029c6e5a70_371 .array/port v000002029c6e5a70, 371;
v000002029c6e5a70_372 .array/port v000002029c6e5a70, 372;
E_000002029c675c10/109 .event anyedge, v000002029c6e5a70_369, v000002029c6e5a70_370, v000002029c6e5a70_371, v000002029c6e5a70_372;
v000002029c6e5a70_373 .array/port v000002029c6e5a70, 373;
v000002029c6e5a70_374 .array/port v000002029c6e5a70, 374;
v000002029c6e5a70_375 .array/port v000002029c6e5a70, 375;
v000002029c6e5a70_376 .array/port v000002029c6e5a70, 376;
E_000002029c675c10/110 .event anyedge, v000002029c6e5a70_373, v000002029c6e5a70_374, v000002029c6e5a70_375, v000002029c6e5a70_376;
v000002029c6e5a70_377 .array/port v000002029c6e5a70, 377;
v000002029c6e5a70_378 .array/port v000002029c6e5a70, 378;
v000002029c6e5a70_379 .array/port v000002029c6e5a70, 379;
v000002029c6e5a70_380 .array/port v000002029c6e5a70, 380;
E_000002029c675c10/111 .event anyedge, v000002029c6e5a70_377, v000002029c6e5a70_378, v000002029c6e5a70_379, v000002029c6e5a70_380;
v000002029c6e5a70_381 .array/port v000002029c6e5a70, 381;
v000002029c6e5a70_382 .array/port v000002029c6e5a70, 382;
v000002029c6e5a70_383 .array/port v000002029c6e5a70, 383;
v000002029c6e5a70_384 .array/port v000002029c6e5a70, 384;
E_000002029c675c10/112 .event anyedge, v000002029c6e5a70_381, v000002029c6e5a70_382, v000002029c6e5a70_383, v000002029c6e5a70_384;
v000002029c6e5a70_385 .array/port v000002029c6e5a70, 385;
v000002029c6e5a70_386 .array/port v000002029c6e5a70, 386;
v000002029c6e5a70_387 .array/port v000002029c6e5a70, 387;
v000002029c6e5a70_388 .array/port v000002029c6e5a70, 388;
E_000002029c675c10/113 .event anyedge, v000002029c6e5a70_385, v000002029c6e5a70_386, v000002029c6e5a70_387, v000002029c6e5a70_388;
v000002029c6e5a70_389 .array/port v000002029c6e5a70, 389;
v000002029c6e5a70_390 .array/port v000002029c6e5a70, 390;
v000002029c6e5a70_391 .array/port v000002029c6e5a70, 391;
v000002029c6e5a70_392 .array/port v000002029c6e5a70, 392;
E_000002029c675c10/114 .event anyedge, v000002029c6e5a70_389, v000002029c6e5a70_390, v000002029c6e5a70_391, v000002029c6e5a70_392;
v000002029c6e5a70_393 .array/port v000002029c6e5a70, 393;
v000002029c6e5a70_394 .array/port v000002029c6e5a70, 394;
v000002029c6e5a70_395 .array/port v000002029c6e5a70, 395;
v000002029c6e5a70_396 .array/port v000002029c6e5a70, 396;
E_000002029c675c10/115 .event anyedge, v000002029c6e5a70_393, v000002029c6e5a70_394, v000002029c6e5a70_395, v000002029c6e5a70_396;
v000002029c6e5a70_397 .array/port v000002029c6e5a70, 397;
v000002029c6e5a70_398 .array/port v000002029c6e5a70, 398;
v000002029c6e5a70_399 .array/port v000002029c6e5a70, 399;
v000002029c6e5a70_400 .array/port v000002029c6e5a70, 400;
E_000002029c675c10/116 .event anyedge, v000002029c6e5a70_397, v000002029c6e5a70_398, v000002029c6e5a70_399, v000002029c6e5a70_400;
v000002029c6e5a70_401 .array/port v000002029c6e5a70, 401;
v000002029c6e5a70_402 .array/port v000002029c6e5a70, 402;
v000002029c6e5a70_403 .array/port v000002029c6e5a70, 403;
v000002029c6e5a70_404 .array/port v000002029c6e5a70, 404;
E_000002029c675c10/117 .event anyedge, v000002029c6e5a70_401, v000002029c6e5a70_402, v000002029c6e5a70_403, v000002029c6e5a70_404;
v000002029c6e5a70_405 .array/port v000002029c6e5a70, 405;
v000002029c6e5a70_406 .array/port v000002029c6e5a70, 406;
v000002029c6e5a70_407 .array/port v000002029c6e5a70, 407;
v000002029c6e5a70_408 .array/port v000002029c6e5a70, 408;
E_000002029c675c10/118 .event anyedge, v000002029c6e5a70_405, v000002029c6e5a70_406, v000002029c6e5a70_407, v000002029c6e5a70_408;
v000002029c6e5a70_409 .array/port v000002029c6e5a70, 409;
v000002029c6e5a70_410 .array/port v000002029c6e5a70, 410;
v000002029c6e5a70_411 .array/port v000002029c6e5a70, 411;
v000002029c6e5a70_412 .array/port v000002029c6e5a70, 412;
E_000002029c675c10/119 .event anyedge, v000002029c6e5a70_409, v000002029c6e5a70_410, v000002029c6e5a70_411, v000002029c6e5a70_412;
v000002029c6e5a70_413 .array/port v000002029c6e5a70, 413;
v000002029c6e5a70_414 .array/port v000002029c6e5a70, 414;
v000002029c6e5a70_415 .array/port v000002029c6e5a70, 415;
v000002029c6e5a70_416 .array/port v000002029c6e5a70, 416;
E_000002029c675c10/120 .event anyedge, v000002029c6e5a70_413, v000002029c6e5a70_414, v000002029c6e5a70_415, v000002029c6e5a70_416;
v000002029c6e5a70_417 .array/port v000002029c6e5a70, 417;
v000002029c6e5a70_418 .array/port v000002029c6e5a70, 418;
v000002029c6e5a70_419 .array/port v000002029c6e5a70, 419;
v000002029c6e5a70_420 .array/port v000002029c6e5a70, 420;
E_000002029c675c10/121 .event anyedge, v000002029c6e5a70_417, v000002029c6e5a70_418, v000002029c6e5a70_419, v000002029c6e5a70_420;
v000002029c6e5a70_421 .array/port v000002029c6e5a70, 421;
v000002029c6e5a70_422 .array/port v000002029c6e5a70, 422;
v000002029c6e5a70_423 .array/port v000002029c6e5a70, 423;
v000002029c6e5a70_424 .array/port v000002029c6e5a70, 424;
E_000002029c675c10/122 .event anyedge, v000002029c6e5a70_421, v000002029c6e5a70_422, v000002029c6e5a70_423, v000002029c6e5a70_424;
v000002029c6e5a70_425 .array/port v000002029c6e5a70, 425;
v000002029c6e5a70_426 .array/port v000002029c6e5a70, 426;
v000002029c6e5a70_427 .array/port v000002029c6e5a70, 427;
v000002029c6e5a70_428 .array/port v000002029c6e5a70, 428;
E_000002029c675c10/123 .event anyedge, v000002029c6e5a70_425, v000002029c6e5a70_426, v000002029c6e5a70_427, v000002029c6e5a70_428;
v000002029c6e5a70_429 .array/port v000002029c6e5a70, 429;
v000002029c6e5a70_430 .array/port v000002029c6e5a70, 430;
v000002029c6e5a70_431 .array/port v000002029c6e5a70, 431;
v000002029c6e5a70_432 .array/port v000002029c6e5a70, 432;
E_000002029c675c10/124 .event anyedge, v000002029c6e5a70_429, v000002029c6e5a70_430, v000002029c6e5a70_431, v000002029c6e5a70_432;
v000002029c6e5a70_433 .array/port v000002029c6e5a70, 433;
v000002029c6e5a70_434 .array/port v000002029c6e5a70, 434;
v000002029c6e5a70_435 .array/port v000002029c6e5a70, 435;
v000002029c6e5a70_436 .array/port v000002029c6e5a70, 436;
E_000002029c675c10/125 .event anyedge, v000002029c6e5a70_433, v000002029c6e5a70_434, v000002029c6e5a70_435, v000002029c6e5a70_436;
v000002029c6e5a70_437 .array/port v000002029c6e5a70, 437;
v000002029c6e5a70_438 .array/port v000002029c6e5a70, 438;
v000002029c6e5a70_439 .array/port v000002029c6e5a70, 439;
v000002029c6e5a70_440 .array/port v000002029c6e5a70, 440;
E_000002029c675c10/126 .event anyedge, v000002029c6e5a70_437, v000002029c6e5a70_438, v000002029c6e5a70_439, v000002029c6e5a70_440;
v000002029c6e5a70_441 .array/port v000002029c6e5a70, 441;
v000002029c6e5a70_442 .array/port v000002029c6e5a70, 442;
v000002029c6e5a70_443 .array/port v000002029c6e5a70, 443;
v000002029c6e5a70_444 .array/port v000002029c6e5a70, 444;
E_000002029c675c10/127 .event anyedge, v000002029c6e5a70_441, v000002029c6e5a70_442, v000002029c6e5a70_443, v000002029c6e5a70_444;
v000002029c6e5a70_445 .array/port v000002029c6e5a70, 445;
v000002029c6e5a70_446 .array/port v000002029c6e5a70, 446;
v000002029c6e5a70_447 .array/port v000002029c6e5a70, 447;
v000002029c6e5a70_448 .array/port v000002029c6e5a70, 448;
E_000002029c675c10/128 .event anyedge, v000002029c6e5a70_445, v000002029c6e5a70_446, v000002029c6e5a70_447, v000002029c6e5a70_448;
v000002029c6e5a70_449 .array/port v000002029c6e5a70, 449;
v000002029c6e5a70_450 .array/port v000002029c6e5a70, 450;
v000002029c6e5a70_451 .array/port v000002029c6e5a70, 451;
v000002029c6e5a70_452 .array/port v000002029c6e5a70, 452;
E_000002029c675c10/129 .event anyedge, v000002029c6e5a70_449, v000002029c6e5a70_450, v000002029c6e5a70_451, v000002029c6e5a70_452;
v000002029c6e5a70_453 .array/port v000002029c6e5a70, 453;
v000002029c6e5a70_454 .array/port v000002029c6e5a70, 454;
v000002029c6e5a70_455 .array/port v000002029c6e5a70, 455;
v000002029c6e5a70_456 .array/port v000002029c6e5a70, 456;
E_000002029c675c10/130 .event anyedge, v000002029c6e5a70_453, v000002029c6e5a70_454, v000002029c6e5a70_455, v000002029c6e5a70_456;
v000002029c6e5a70_457 .array/port v000002029c6e5a70, 457;
v000002029c6e5a70_458 .array/port v000002029c6e5a70, 458;
v000002029c6e5a70_459 .array/port v000002029c6e5a70, 459;
v000002029c6e5a70_460 .array/port v000002029c6e5a70, 460;
E_000002029c675c10/131 .event anyedge, v000002029c6e5a70_457, v000002029c6e5a70_458, v000002029c6e5a70_459, v000002029c6e5a70_460;
v000002029c6e5a70_461 .array/port v000002029c6e5a70, 461;
v000002029c6e5a70_462 .array/port v000002029c6e5a70, 462;
v000002029c6e5a70_463 .array/port v000002029c6e5a70, 463;
v000002029c6e5a70_464 .array/port v000002029c6e5a70, 464;
E_000002029c675c10/132 .event anyedge, v000002029c6e5a70_461, v000002029c6e5a70_462, v000002029c6e5a70_463, v000002029c6e5a70_464;
v000002029c6e5a70_465 .array/port v000002029c6e5a70, 465;
v000002029c6e5a70_466 .array/port v000002029c6e5a70, 466;
v000002029c6e5a70_467 .array/port v000002029c6e5a70, 467;
v000002029c6e5a70_468 .array/port v000002029c6e5a70, 468;
E_000002029c675c10/133 .event anyedge, v000002029c6e5a70_465, v000002029c6e5a70_466, v000002029c6e5a70_467, v000002029c6e5a70_468;
v000002029c6e5a70_469 .array/port v000002029c6e5a70, 469;
v000002029c6e5a70_470 .array/port v000002029c6e5a70, 470;
v000002029c6e5a70_471 .array/port v000002029c6e5a70, 471;
v000002029c6e5a70_472 .array/port v000002029c6e5a70, 472;
E_000002029c675c10/134 .event anyedge, v000002029c6e5a70_469, v000002029c6e5a70_470, v000002029c6e5a70_471, v000002029c6e5a70_472;
v000002029c6e5a70_473 .array/port v000002029c6e5a70, 473;
v000002029c6e5a70_474 .array/port v000002029c6e5a70, 474;
v000002029c6e5a70_475 .array/port v000002029c6e5a70, 475;
v000002029c6e5a70_476 .array/port v000002029c6e5a70, 476;
E_000002029c675c10/135 .event anyedge, v000002029c6e5a70_473, v000002029c6e5a70_474, v000002029c6e5a70_475, v000002029c6e5a70_476;
v000002029c6e5a70_477 .array/port v000002029c6e5a70, 477;
v000002029c6e5a70_478 .array/port v000002029c6e5a70, 478;
v000002029c6e5a70_479 .array/port v000002029c6e5a70, 479;
v000002029c6e5a70_480 .array/port v000002029c6e5a70, 480;
E_000002029c675c10/136 .event anyedge, v000002029c6e5a70_477, v000002029c6e5a70_478, v000002029c6e5a70_479, v000002029c6e5a70_480;
v000002029c6e5a70_481 .array/port v000002029c6e5a70, 481;
v000002029c6e5a70_482 .array/port v000002029c6e5a70, 482;
v000002029c6e5a70_483 .array/port v000002029c6e5a70, 483;
v000002029c6e5a70_484 .array/port v000002029c6e5a70, 484;
E_000002029c675c10/137 .event anyedge, v000002029c6e5a70_481, v000002029c6e5a70_482, v000002029c6e5a70_483, v000002029c6e5a70_484;
v000002029c6e5a70_485 .array/port v000002029c6e5a70, 485;
v000002029c6e5a70_486 .array/port v000002029c6e5a70, 486;
v000002029c6e5a70_487 .array/port v000002029c6e5a70, 487;
v000002029c6e5a70_488 .array/port v000002029c6e5a70, 488;
E_000002029c675c10/138 .event anyedge, v000002029c6e5a70_485, v000002029c6e5a70_486, v000002029c6e5a70_487, v000002029c6e5a70_488;
v000002029c6e5a70_489 .array/port v000002029c6e5a70, 489;
v000002029c6e5a70_490 .array/port v000002029c6e5a70, 490;
v000002029c6e5a70_491 .array/port v000002029c6e5a70, 491;
v000002029c6e5a70_492 .array/port v000002029c6e5a70, 492;
E_000002029c675c10/139 .event anyedge, v000002029c6e5a70_489, v000002029c6e5a70_490, v000002029c6e5a70_491, v000002029c6e5a70_492;
v000002029c6e5a70_493 .array/port v000002029c6e5a70, 493;
v000002029c6e5a70_494 .array/port v000002029c6e5a70, 494;
v000002029c6e5a70_495 .array/port v000002029c6e5a70, 495;
v000002029c6e5a70_496 .array/port v000002029c6e5a70, 496;
E_000002029c675c10/140 .event anyedge, v000002029c6e5a70_493, v000002029c6e5a70_494, v000002029c6e5a70_495, v000002029c6e5a70_496;
v000002029c6e5a70_497 .array/port v000002029c6e5a70, 497;
v000002029c6e5a70_498 .array/port v000002029c6e5a70, 498;
v000002029c6e5a70_499 .array/port v000002029c6e5a70, 499;
v000002029c6e5a70_500 .array/port v000002029c6e5a70, 500;
E_000002029c675c10/141 .event anyedge, v000002029c6e5a70_497, v000002029c6e5a70_498, v000002029c6e5a70_499, v000002029c6e5a70_500;
v000002029c6e5a70_501 .array/port v000002029c6e5a70, 501;
v000002029c6e5a70_502 .array/port v000002029c6e5a70, 502;
v000002029c6e5a70_503 .array/port v000002029c6e5a70, 503;
v000002029c6e5a70_504 .array/port v000002029c6e5a70, 504;
E_000002029c675c10/142 .event anyedge, v000002029c6e5a70_501, v000002029c6e5a70_502, v000002029c6e5a70_503, v000002029c6e5a70_504;
v000002029c6e5a70_505 .array/port v000002029c6e5a70, 505;
v000002029c6e5a70_506 .array/port v000002029c6e5a70, 506;
v000002029c6e5a70_507 .array/port v000002029c6e5a70, 507;
v000002029c6e5a70_508 .array/port v000002029c6e5a70, 508;
E_000002029c675c10/143 .event anyedge, v000002029c6e5a70_505, v000002029c6e5a70_506, v000002029c6e5a70_507, v000002029c6e5a70_508;
v000002029c6e5a70_509 .array/port v000002029c6e5a70, 509;
v000002029c6e5a70_510 .array/port v000002029c6e5a70, 510;
v000002029c6e5a70_511 .array/port v000002029c6e5a70, 511;
v000002029c6e5a70_512 .array/port v000002029c6e5a70, 512;
E_000002029c675c10/144 .event anyedge, v000002029c6e5a70_509, v000002029c6e5a70_510, v000002029c6e5a70_511, v000002029c6e5a70_512;
v000002029c6e5a70_513 .array/port v000002029c6e5a70, 513;
v000002029c6e5a70_514 .array/port v000002029c6e5a70, 514;
v000002029c6e5a70_515 .array/port v000002029c6e5a70, 515;
v000002029c6e5a70_516 .array/port v000002029c6e5a70, 516;
E_000002029c675c10/145 .event anyedge, v000002029c6e5a70_513, v000002029c6e5a70_514, v000002029c6e5a70_515, v000002029c6e5a70_516;
v000002029c6e5a70_517 .array/port v000002029c6e5a70, 517;
v000002029c6e5a70_518 .array/port v000002029c6e5a70, 518;
v000002029c6e5a70_519 .array/port v000002029c6e5a70, 519;
v000002029c6e5a70_520 .array/port v000002029c6e5a70, 520;
E_000002029c675c10/146 .event anyedge, v000002029c6e5a70_517, v000002029c6e5a70_518, v000002029c6e5a70_519, v000002029c6e5a70_520;
v000002029c6e5a70_521 .array/port v000002029c6e5a70, 521;
v000002029c6e5a70_522 .array/port v000002029c6e5a70, 522;
v000002029c6e5a70_523 .array/port v000002029c6e5a70, 523;
v000002029c6e5a70_524 .array/port v000002029c6e5a70, 524;
E_000002029c675c10/147 .event anyedge, v000002029c6e5a70_521, v000002029c6e5a70_522, v000002029c6e5a70_523, v000002029c6e5a70_524;
v000002029c6e5a70_525 .array/port v000002029c6e5a70, 525;
v000002029c6e5a70_526 .array/port v000002029c6e5a70, 526;
v000002029c6e5a70_527 .array/port v000002029c6e5a70, 527;
v000002029c6e5a70_528 .array/port v000002029c6e5a70, 528;
E_000002029c675c10/148 .event anyedge, v000002029c6e5a70_525, v000002029c6e5a70_526, v000002029c6e5a70_527, v000002029c6e5a70_528;
v000002029c6e5a70_529 .array/port v000002029c6e5a70, 529;
v000002029c6e5a70_530 .array/port v000002029c6e5a70, 530;
v000002029c6e5a70_531 .array/port v000002029c6e5a70, 531;
v000002029c6e5a70_532 .array/port v000002029c6e5a70, 532;
E_000002029c675c10/149 .event anyedge, v000002029c6e5a70_529, v000002029c6e5a70_530, v000002029c6e5a70_531, v000002029c6e5a70_532;
v000002029c6e5a70_533 .array/port v000002029c6e5a70, 533;
v000002029c6e5a70_534 .array/port v000002029c6e5a70, 534;
v000002029c6e5a70_535 .array/port v000002029c6e5a70, 535;
v000002029c6e5a70_536 .array/port v000002029c6e5a70, 536;
E_000002029c675c10/150 .event anyedge, v000002029c6e5a70_533, v000002029c6e5a70_534, v000002029c6e5a70_535, v000002029c6e5a70_536;
v000002029c6e5a70_537 .array/port v000002029c6e5a70, 537;
v000002029c6e5a70_538 .array/port v000002029c6e5a70, 538;
v000002029c6e5a70_539 .array/port v000002029c6e5a70, 539;
v000002029c6e5a70_540 .array/port v000002029c6e5a70, 540;
E_000002029c675c10/151 .event anyedge, v000002029c6e5a70_537, v000002029c6e5a70_538, v000002029c6e5a70_539, v000002029c6e5a70_540;
v000002029c6e5a70_541 .array/port v000002029c6e5a70, 541;
v000002029c6e5a70_542 .array/port v000002029c6e5a70, 542;
v000002029c6e5a70_543 .array/port v000002029c6e5a70, 543;
v000002029c6e5a70_544 .array/port v000002029c6e5a70, 544;
E_000002029c675c10/152 .event anyedge, v000002029c6e5a70_541, v000002029c6e5a70_542, v000002029c6e5a70_543, v000002029c6e5a70_544;
v000002029c6e5a70_545 .array/port v000002029c6e5a70, 545;
v000002029c6e5a70_546 .array/port v000002029c6e5a70, 546;
v000002029c6e5a70_547 .array/port v000002029c6e5a70, 547;
v000002029c6e5a70_548 .array/port v000002029c6e5a70, 548;
E_000002029c675c10/153 .event anyedge, v000002029c6e5a70_545, v000002029c6e5a70_546, v000002029c6e5a70_547, v000002029c6e5a70_548;
v000002029c6e5a70_549 .array/port v000002029c6e5a70, 549;
v000002029c6e5a70_550 .array/port v000002029c6e5a70, 550;
v000002029c6e5a70_551 .array/port v000002029c6e5a70, 551;
v000002029c6e5a70_552 .array/port v000002029c6e5a70, 552;
E_000002029c675c10/154 .event anyedge, v000002029c6e5a70_549, v000002029c6e5a70_550, v000002029c6e5a70_551, v000002029c6e5a70_552;
v000002029c6e5a70_553 .array/port v000002029c6e5a70, 553;
v000002029c6e5a70_554 .array/port v000002029c6e5a70, 554;
v000002029c6e5a70_555 .array/port v000002029c6e5a70, 555;
v000002029c6e5a70_556 .array/port v000002029c6e5a70, 556;
E_000002029c675c10/155 .event anyedge, v000002029c6e5a70_553, v000002029c6e5a70_554, v000002029c6e5a70_555, v000002029c6e5a70_556;
v000002029c6e5a70_557 .array/port v000002029c6e5a70, 557;
v000002029c6e5a70_558 .array/port v000002029c6e5a70, 558;
v000002029c6e5a70_559 .array/port v000002029c6e5a70, 559;
v000002029c6e5a70_560 .array/port v000002029c6e5a70, 560;
E_000002029c675c10/156 .event anyedge, v000002029c6e5a70_557, v000002029c6e5a70_558, v000002029c6e5a70_559, v000002029c6e5a70_560;
v000002029c6e5a70_561 .array/port v000002029c6e5a70, 561;
v000002029c6e5a70_562 .array/port v000002029c6e5a70, 562;
v000002029c6e5a70_563 .array/port v000002029c6e5a70, 563;
v000002029c6e5a70_564 .array/port v000002029c6e5a70, 564;
E_000002029c675c10/157 .event anyedge, v000002029c6e5a70_561, v000002029c6e5a70_562, v000002029c6e5a70_563, v000002029c6e5a70_564;
v000002029c6e5a70_565 .array/port v000002029c6e5a70, 565;
v000002029c6e5a70_566 .array/port v000002029c6e5a70, 566;
v000002029c6e5a70_567 .array/port v000002029c6e5a70, 567;
v000002029c6e5a70_568 .array/port v000002029c6e5a70, 568;
E_000002029c675c10/158 .event anyedge, v000002029c6e5a70_565, v000002029c6e5a70_566, v000002029c6e5a70_567, v000002029c6e5a70_568;
v000002029c6e5a70_569 .array/port v000002029c6e5a70, 569;
v000002029c6e5a70_570 .array/port v000002029c6e5a70, 570;
v000002029c6e5a70_571 .array/port v000002029c6e5a70, 571;
v000002029c6e5a70_572 .array/port v000002029c6e5a70, 572;
E_000002029c675c10/159 .event anyedge, v000002029c6e5a70_569, v000002029c6e5a70_570, v000002029c6e5a70_571, v000002029c6e5a70_572;
v000002029c6e5a70_573 .array/port v000002029c6e5a70, 573;
v000002029c6e5a70_574 .array/port v000002029c6e5a70, 574;
v000002029c6e5a70_575 .array/port v000002029c6e5a70, 575;
v000002029c6e5a70_576 .array/port v000002029c6e5a70, 576;
E_000002029c675c10/160 .event anyedge, v000002029c6e5a70_573, v000002029c6e5a70_574, v000002029c6e5a70_575, v000002029c6e5a70_576;
v000002029c6e5a70_577 .array/port v000002029c6e5a70, 577;
v000002029c6e5a70_578 .array/port v000002029c6e5a70, 578;
v000002029c6e5a70_579 .array/port v000002029c6e5a70, 579;
v000002029c6e5a70_580 .array/port v000002029c6e5a70, 580;
E_000002029c675c10/161 .event anyedge, v000002029c6e5a70_577, v000002029c6e5a70_578, v000002029c6e5a70_579, v000002029c6e5a70_580;
v000002029c6e5a70_581 .array/port v000002029c6e5a70, 581;
v000002029c6e5a70_582 .array/port v000002029c6e5a70, 582;
v000002029c6e5a70_583 .array/port v000002029c6e5a70, 583;
v000002029c6e5a70_584 .array/port v000002029c6e5a70, 584;
E_000002029c675c10/162 .event anyedge, v000002029c6e5a70_581, v000002029c6e5a70_582, v000002029c6e5a70_583, v000002029c6e5a70_584;
v000002029c6e5a70_585 .array/port v000002029c6e5a70, 585;
v000002029c6e5a70_586 .array/port v000002029c6e5a70, 586;
v000002029c6e5a70_587 .array/port v000002029c6e5a70, 587;
v000002029c6e5a70_588 .array/port v000002029c6e5a70, 588;
E_000002029c675c10/163 .event anyedge, v000002029c6e5a70_585, v000002029c6e5a70_586, v000002029c6e5a70_587, v000002029c6e5a70_588;
v000002029c6e5a70_589 .array/port v000002029c6e5a70, 589;
v000002029c6e5a70_590 .array/port v000002029c6e5a70, 590;
v000002029c6e5a70_591 .array/port v000002029c6e5a70, 591;
v000002029c6e5a70_592 .array/port v000002029c6e5a70, 592;
E_000002029c675c10/164 .event anyedge, v000002029c6e5a70_589, v000002029c6e5a70_590, v000002029c6e5a70_591, v000002029c6e5a70_592;
v000002029c6e5a70_593 .array/port v000002029c6e5a70, 593;
v000002029c6e5a70_594 .array/port v000002029c6e5a70, 594;
v000002029c6e5a70_595 .array/port v000002029c6e5a70, 595;
v000002029c6e5a70_596 .array/port v000002029c6e5a70, 596;
E_000002029c675c10/165 .event anyedge, v000002029c6e5a70_593, v000002029c6e5a70_594, v000002029c6e5a70_595, v000002029c6e5a70_596;
v000002029c6e5a70_597 .array/port v000002029c6e5a70, 597;
v000002029c6e5a70_598 .array/port v000002029c6e5a70, 598;
v000002029c6e5a70_599 .array/port v000002029c6e5a70, 599;
v000002029c6e5a70_600 .array/port v000002029c6e5a70, 600;
E_000002029c675c10/166 .event anyedge, v000002029c6e5a70_597, v000002029c6e5a70_598, v000002029c6e5a70_599, v000002029c6e5a70_600;
v000002029c6e5a70_601 .array/port v000002029c6e5a70, 601;
v000002029c6e5a70_602 .array/port v000002029c6e5a70, 602;
v000002029c6e5a70_603 .array/port v000002029c6e5a70, 603;
v000002029c6e5a70_604 .array/port v000002029c6e5a70, 604;
E_000002029c675c10/167 .event anyedge, v000002029c6e5a70_601, v000002029c6e5a70_602, v000002029c6e5a70_603, v000002029c6e5a70_604;
v000002029c6e5a70_605 .array/port v000002029c6e5a70, 605;
v000002029c6e5a70_606 .array/port v000002029c6e5a70, 606;
v000002029c6e5a70_607 .array/port v000002029c6e5a70, 607;
v000002029c6e5a70_608 .array/port v000002029c6e5a70, 608;
E_000002029c675c10/168 .event anyedge, v000002029c6e5a70_605, v000002029c6e5a70_606, v000002029c6e5a70_607, v000002029c6e5a70_608;
v000002029c6e5a70_609 .array/port v000002029c6e5a70, 609;
v000002029c6e5a70_610 .array/port v000002029c6e5a70, 610;
v000002029c6e5a70_611 .array/port v000002029c6e5a70, 611;
v000002029c6e5a70_612 .array/port v000002029c6e5a70, 612;
E_000002029c675c10/169 .event anyedge, v000002029c6e5a70_609, v000002029c6e5a70_610, v000002029c6e5a70_611, v000002029c6e5a70_612;
v000002029c6e5a70_613 .array/port v000002029c6e5a70, 613;
v000002029c6e5a70_614 .array/port v000002029c6e5a70, 614;
v000002029c6e5a70_615 .array/port v000002029c6e5a70, 615;
v000002029c6e5a70_616 .array/port v000002029c6e5a70, 616;
E_000002029c675c10/170 .event anyedge, v000002029c6e5a70_613, v000002029c6e5a70_614, v000002029c6e5a70_615, v000002029c6e5a70_616;
v000002029c6e5a70_617 .array/port v000002029c6e5a70, 617;
v000002029c6e5a70_618 .array/port v000002029c6e5a70, 618;
v000002029c6e5a70_619 .array/port v000002029c6e5a70, 619;
v000002029c6e5a70_620 .array/port v000002029c6e5a70, 620;
E_000002029c675c10/171 .event anyedge, v000002029c6e5a70_617, v000002029c6e5a70_618, v000002029c6e5a70_619, v000002029c6e5a70_620;
v000002029c6e5a70_621 .array/port v000002029c6e5a70, 621;
v000002029c6e5a70_622 .array/port v000002029c6e5a70, 622;
v000002029c6e5a70_623 .array/port v000002029c6e5a70, 623;
v000002029c6e5a70_624 .array/port v000002029c6e5a70, 624;
E_000002029c675c10/172 .event anyedge, v000002029c6e5a70_621, v000002029c6e5a70_622, v000002029c6e5a70_623, v000002029c6e5a70_624;
v000002029c6e5a70_625 .array/port v000002029c6e5a70, 625;
v000002029c6e5a70_626 .array/port v000002029c6e5a70, 626;
v000002029c6e5a70_627 .array/port v000002029c6e5a70, 627;
v000002029c6e5a70_628 .array/port v000002029c6e5a70, 628;
E_000002029c675c10/173 .event anyedge, v000002029c6e5a70_625, v000002029c6e5a70_626, v000002029c6e5a70_627, v000002029c6e5a70_628;
v000002029c6e5a70_629 .array/port v000002029c6e5a70, 629;
v000002029c6e5a70_630 .array/port v000002029c6e5a70, 630;
v000002029c6e5a70_631 .array/port v000002029c6e5a70, 631;
v000002029c6e5a70_632 .array/port v000002029c6e5a70, 632;
E_000002029c675c10/174 .event anyedge, v000002029c6e5a70_629, v000002029c6e5a70_630, v000002029c6e5a70_631, v000002029c6e5a70_632;
v000002029c6e5a70_633 .array/port v000002029c6e5a70, 633;
v000002029c6e5a70_634 .array/port v000002029c6e5a70, 634;
v000002029c6e5a70_635 .array/port v000002029c6e5a70, 635;
v000002029c6e5a70_636 .array/port v000002029c6e5a70, 636;
E_000002029c675c10/175 .event anyedge, v000002029c6e5a70_633, v000002029c6e5a70_634, v000002029c6e5a70_635, v000002029c6e5a70_636;
v000002029c6e5a70_637 .array/port v000002029c6e5a70, 637;
v000002029c6e5a70_638 .array/port v000002029c6e5a70, 638;
v000002029c6e5a70_639 .array/port v000002029c6e5a70, 639;
v000002029c6e5a70_640 .array/port v000002029c6e5a70, 640;
E_000002029c675c10/176 .event anyedge, v000002029c6e5a70_637, v000002029c6e5a70_638, v000002029c6e5a70_639, v000002029c6e5a70_640;
v000002029c6e5a70_641 .array/port v000002029c6e5a70, 641;
v000002029c6e5a70_642 .array/port v000002029c6e5a70, 642;
v000002029c6e5a70_643 .array/port v000002029c6e5a70, 643;
v000002029c6e5a70_644 .array/port v000002029c6e5a70, 644;
E_000002029c675c10/177 .event anyedge, v000002029c6e5a70_641, v000002029c6e5a70_642, v000002029c6e5a70_643, v000002029c6e5a70_644;
v000002029c6e5a70_645 .array/port v000002029c6e5a70, 645;
v000002029c6e5a70_646 .array/port v000002029c6e5a70, 646;
v000002029c6e5a70_647 .array/port v000002029c6e5a70, 647;
v000002029c6e5a70_648 .array/port v000002029c6e5a70, 648;
E_000002029c675c10/178 .event anyedge, v000002029c6e5a70_645, v000002029c6e5a70_646, v000002029c6e5a70_647, v000002029c6e5a70_648;
v000002029c6e5a70_649 .array/port v000002029c6e5a70, 649;
v000002029c6e5a70_650 .array/port v000002029c6e5a70, 650;
v000002029c6e5a70_651 .array/port v000002029c6e5a70, 651;
v000002029c6e5a70_652 .array/port v000002029c6e5a70, 652;
E_000002029c675c10/179 .event anyedge, v000002029c6e5a70_649, v000002029c6e5a70_650, v000002029c6e5a70_651, v000002029c6e5a70_652;
v000002029c6e5a70_653 .array/port v000002029c6e5a70, 653;
v000002029c6e5a70_654 .array/port v000002029c6e5a70, 654;
v000002029c6e5a70_655 .array/port v000002029c6e5a70, 655;
v000002029c6e5a70_656 .array/port v000002029c6e5a70, 656;
E_000002029c675c10/180 .event anyedge, v000002029c6e5a70_653, v000002029c6e5a70_654, v000002029c6e5a70_655, v000002029c6e5a70_656;
v000002029c6e5a70_657 .array/port v000002029c6e5a70, 657;
v000002029c6e5a70_658 .array/port v000002029c6e5a70, 658;
v000002029c6e5a70_659 .array/port v000002029c6e5a70, 659;
v000002029c6e5a70_660 .array/port v000002029c6e5a70, 660;
E_000002029c675c10/181 .event anyedge, v000002029c6e5a70_657, v000002029c6e5a70_658, v000002029c6e5a70_659, v000002029c6e5a70_660;
v000002029c6e5a70_661 .array/port v000002029c6e5a70, 661;
v000002029c6e5a70_662 .array/port v000002029c6e5a70, 662;
v000002029c6e5a70_663 .array/port v000002029c6e5a70, 663;
v000002029c6e5a70_664 .array/port v000002029c6e5a70, 664;
E_000002029c675c10/182 .event anyedge, v000002029c6e5a70_661, v000002029c6e5a70_662, v000002029c6e5a70_663, v000002029c6e5a70_664;
v000002029c6e5a70_665 .array/port v000002029c6e5a70, 665;
v000002029c6e5a70_666 .array/port v000002029c6e5a70, 666;
v000002029c6e5a70_667 .array/port v000002029c6e5a70, 667;
v000002029c6e5a70_668 .array/port v000002029c6e5a70, 668;
E_000002029c675c10/183 .event anyedge, v000002029c6e5a70_665, v000002029c6e5a70_666, v000002029c6e5a70_667, v000002029c6e5a70_668;
v000002029c6e5a70_669 .array/port v000002029c6e5a70, 669;
v000002029c6e5a70_670 .array/port v000002029c6e5a70, 670;
v000002029c6e5a70_671 .array/port v000002029c6e5a70, 671;
v000002029c6e5a70_672 .array/port v000002029c6e5a70, 672;
E_000002029c675c10/184 .event anyedge, v000002029c6e5a70_669, v000002029c6e5a70_670, v000002029c6e5a70_671, v000002029c6e5a70_672;
v000002029c6e5a70_673 .array/port v000002029c6e5a70, 673;
v000002029c6e5a70_674 .array/port v000002029c6e5a70, 674;
v000002029c6e5a70_675 .array/port v000002029c6e5a70, 675;
v000002029c6e5a70_676 .array/port v000002029c6e5a70, 676;
E_000002029c675c10/185 .event anyedge, v000002029c6e5a70_673, v000002029c6e5a70_674, v000002029c6e5a70_675, v000002029c6e5a70_676;
v000002029c6e5a70_677 .array/port v000002029c6e5a70, 677;
v000002029c6e5a70_678 .array/port v000002029c6e5a70, 678;
v000002029c6e5a70_679 .array/port v000002029c6e5a70, 679;
v000002029c6e5a70_680 .array/port v000002029c6e5a70, 680;
E_000002029c675c10/186 .event anyedge, v000002029c6e5a70_677, v000002029c6e5a70_678, v000002029c6e5a70_679, v000002029c6e5a70_680;
v000002029c6e5a70_681 .array/port v000002029c6e5a70, 681;
v000002029c6e5a70_682 .array/port v000002029c6e5a70, 682;
v000002029c6e5a70_683 .array/port v000002029c6e5a70, 683;
v000002029c6e5a70_684 .array/port v000002029c6e5a70, 684;
E_000002029c675c10/187 .event anyedge, v000002029c6e5a70_681, v000002029c6e5a70_682, v000002029c6e5a70_683, v000002029c6e5a70_684;
v000002029c6e5a70_685 .array/port v000002029c6e5a70, 685;
v000002029c6e5a70_686 .array/port v000002029c6e5a70, 686;
v000002029c6e5a70_687 .array/port v000002029c6e5a70, 687;
v000002029c6e5a70_688 .array/port v000002029c6e5a70, 688;
E_000002029c675c10/188 .event anyedge, v000002029c6e5a70_685, v000002029c6e5a70_686, v000002029c6e5a70_687, v000002029c6e5a70_688;
v000002029c6e5a70_689 .array/port v000002029c6e5a70, 689;
v000002029c6e5a70_690 .array/port v000002029c6e5a70, 690;
v000002029c6e5a70_691 .array/port v000002029c6e5a70, 691;
v000002029c6e5a70_692 .array/port v000002029c6e5a70, 692;
E_000002029c675c10/189 .event anyedge, v000002029c6e5a70_689, v000002029c6e5a70_690, v000002029c6e5a70_691, v000002029c6e5a70_692;
v000002029c6e5a70_693 .array/port v000002029c6e5a70, 693;
v000002029c6e5a70_694 .array/port v000002029c6e5a70, 694;
v000002029c6e5a70_695 .array/port v000002029c6e5a70, 695;
v000002029c6e5a70_696 .array/port v000002029c6e5a70, 696;
E_000002029c675c10/190 .event anyedge, v000002029c6e5a70_693, v000002029c6e5a70_694, v000002029c6e5a70_695, v000002029c6e5a70_696;
v000002029c6e5a70_697 .array/port v000002029c6e5a70, 697;
v000002029c6e5a70_698 .array/port v000002029c6e5a70, 698;
v000002029c6e5a70_699 .array/port v000002029c6e5a70, 699;
v000002029c6e5a70_700 .array/port v000002029c6e5a70, 700;
E_000002029c675c10/191 .event anyedge, v000002029c6e5a70_697, v000002029c6e5a70_698, v000002029c6e5a70_699, v000002029c6e5a70_700;
v000002029c6e5a70_701 .array/port v000002029c6e5a70, 701;
v000002029c6e5a70_702 .array/port v000002029c6e5a70, 702;
v000002029c6e5a70_703 .array/port v000002029c6e5a70, 703;
v000002029c6e5a70_704 .array/port v000002029c6e5a70, 704;
E_000002029c675c10/192 .event anyedge, v000002029c6e5a70_701, v000002029c6e5a70_702, v000002029c6e5a70_703, v000002029c6e5a70_704;
v000002029c6e5a70_705 .array/port v000002029c6e5a70, 705;
v000002029c6e5a70_706 .array/port v000002029c6e5a70, 706;
v000002029c6e5a70_707 .array/port v000002029c6e5a70, 707;
v000002029c6e5a70_708 .array/port v000002029c6e5a70, 708;
E_000002029c675c10/193 .event anyedge, v000002029c6e5a70_705, v000002029c6e5a70_706, v000002029c6e5a70_707, v000002029c6e5a70_708;
v000002029c6e5a70_709 .array/port v000002029c6e5a70, 709;
v000002029c6e5a70_710 .array/port v000002029c6e5a70, 710;
v000002029c6e5a70_711 .array/port v000002029c6e5a70, 711;
v000002029c6e5a70_712 .array/port v000002029c6e5a70, 712;
E_000002029c675c10/194 .event anyedge, v000002029c6e5a70_709, v000002029c6e5a70_710, v000002029c6e5a70_711, v000002029c6e5a70_712;
v000002029c6e5a70_713 .array/port v000002029c6e5a70, 713;
v000002029c6e5a70_714 .array/port v000002029c6e5a70, 714;
v000002029c6e5a70_715 .array/port v000002029c6e5a70, 715;
v000002029c6e5a70_716 .array/port v000002029c6e5a70, 716;
E_000002029c675c10/195 .event anyedge, v000002029c6e5a70_713, v000002029c6e5a70_714, v000002029c6e5a70_715, v000002029c6e5a70_716;
v000002029c6e5a70_717 .array/port v000002029c6e5a70, 717;
v000002029c6e5a70_718 .array/port v000002029c6e5a70, 718;
v000002029c6e5a70_719 .array/port v000002029c6e5a70, 719;
v000002029c6e5a70_720 .array/port v000002029c6e5a70, 720;
E_000002029c675c10/196 .event anyedge, v000002029c6e5a70_717, v000002029c6e5a70_718, v000002029c6e5a70_719, v000002029c6e5a70_720;
v000002029c6e5a70_721 .array/port v000002029c6e5a70, 721;
v000002029c6e5a70_722 .array/port v000002029c6e5a70, 722;
v000002029c6e5a70_723 .array/port v000002029c6e5a70, 723;
v000002029c6e5a70_724 .array/port v000002029c6e5a70, 724;
E_000002029c675c10/197 .event anyedge, v000002029c6e5a70_721, v000002029c6e5a70_722, v000002029c6e5a70_723, v000002029c6e5a70_724;
v000002029c6e5a70_725 .array/port v000002029c6e5a70, 725;
v000002029c6e5a70_726 .array/port v000002029c6e5a70, 726;
v000002029c6e5a70_727 .array/port v000002029c6e5a70, 727;
v000002029c6e5a70_728 .array/port v000002029c6e5a70, 728;
E_000002029c675c10/198 .event anyedge, v000002029c6e5a70_725, v000002029c6e5a70_726, v000002029c6e5a70_727, v000002029c6e5a70_728;
v000002029c6e5a70_729 .array/port v000002029c6e5a70, 729;
v000002029c6e5a70_730 .array/port v000002029c6e5a70, 730;
v000002029c6e5a70_731 .array/port v000002029c6e5a70, 731;
v000002029c6e5a70_732 .array/port v000002029c6e5a70, 732;
E_000002029c675c10/199 .event anyedge, v000002029c6e5a70_729, v000002029c6e5a70_730, v000002029c6e5a70_731, v000002029c6e5a70_732;
v000002029c6e5a70_733 .array/port v000002029c6e5a70, 733;
v000002029c6e5a70_734 .array/port v000002029c6e5a70, 734;
v000002029c6e5a70_735 .array/port v000002029c6e5a70, 735;
v000002029c6e5a70_736 .array/port v000002029c6e5a70, 736;
E_000002029c675c10/200 .event anyedge, v000002029c6e5a70_733, v000002029c6e5a70_734, v000002029c6e5a70_735, v000002029c6e5a70_736;
v000002029c6e5a70_737 .array/port v000002029c6e5a70, 737;
v000002029c6e5a70_738 .array/port v000002029c6e5a70, 738;
v000002029c6e5a70_739 .array/port v000002029c6e5a70, 739;
v000002029c6e5a70_740 .array/port v000002029c6e5a70, 740;
E_000002029c675c10/201 .event anyedge, v000002029c6e5a70_737, v000002029c6e5a70_738, v000002029c6e5a70_739, v000002029c6e5a70_740;
v000002029c6e5a70_741 .array/port v000002029c6e5a70, 741;
v000002029c6e5a70_742 .array/port v000002029c6e5a70, 742;
v000002029c6e5a70_743 .array/port v000002029c6e5a70, 743;
v000002029c6e5a70_744 .array/port v000002029c6e5a70, 744;
E_000002029c675c10/202 .event anyedge, v000002029c6e5a70_741, v000002029c6e5a70_742, v000002029c6e5a70_743, v000002029c6e5a70_744;
v000002029c6e5a70_745 .array/port v000002029c6e5a70, 745;
v000002029c6e5a70_746 .array/port v000002029c6e5a70, 746;
v000002029c6e5a70_747 .array/port v000002029c6e5a70, 747;
v000002029c6e5a70_748 .array/port v000002029c6e5a70, 748;
E_000002029c675c10/203 .event anyedge, v000002029c6e5a70_745, v000002029c6e5a70_746, v000002029c6e5a70_747, v000002029c6e5a70_748;
v000002029c6e5a70_749 .array/port v000002029c6e5a70, 749;
v000002029c6e5a70_750 .array/port v000002029c6e5a70, 750;
v000002029c6e5a70_751 .array/port v000002029c6e5a70, 751;
v000002029c6e5a70_752 .array/port v000002029c6e5a70, 752;
E_000002029c675c10/204 .event anyedge, v000002029c6e5a70_749, v000002029c6e5a70_750, v000002029c6e5a70_751, v000002029c6e5a70_752;
v000002029c6e5a70_753 .array/port v000002029c6e5a70, 753;
v000002029c6e5a70_754 .array/port v000002029c6e5a70, 754;
v000002029c6e5a70_755 .array/port v000002029c6e5a70, 755;
v000002029c6e5a70_756 .array/port v000002029c6e5a70, 756;
E_000002029c675c10/205 .event anyedge, v000002029c6e5a70_753, v000002029c6e5a70_754, v000002029c6e5a70_755, v000002029c6e5a70_756;
v000002029c6e5a70_757 .array/port v000002029c6e5a70, 757;
v000002029c6e5a70_758 .array/port v000002029c6e5a70, 758;
v000002029c6e5a70_759 .array/port v000002029c6e5a70, 759;
v000002029c6e5a70_760 .array/port v000002029c6e5a70, 760;
E_000002029c675c10/206 .event anyedge, v000002029c6e5a70_757, v000002029c6e5a70_758, v000002029c6e5a70_759, v000002029c6e5a70_760;
v000002029c6e5a70_761 .array/port v000002029c6e5a70, 761;
v000002029c6e5a70_762 .array/port v000002029c6e5a70, 762;
v000002029c6e5a70_763 .array/port v000002029c6e5a70, 763;
v000002029c6e5a70_764 .array/port v000002029c6e5a70, 764;
E_000002029c675c10/207 .event anyedge, v000002029c6e5a70_761, v000002029c6e5a70_762, v000002029c6e5a70_763, v000002029c6e5a70_764;
v000002029c6e5a70_765 .array/port v000002029c6e5a70, 765;
v000002029c6e5a70_766 .array/port v000002029c6e5a70, 766;
v000002029c6e5a70_767 .array/port v000002029c6e5a70, 767;
v000002029c6e5a70_768 .array/port v000002029c6e5a70, 768;
E_000002029c675c10/208 .event anyedge, v000002029c6e5a70_765, v000002029c6e5a70_766, v000002029c6e5a70_767, v000002029c6e5a70_768;
v000002029c6e5a70_769 .array/port v000002029c6e5a70, 769;
v000002029c6e5a70_770 .array/port v000002029c6e5a70, 770;
v000002029c6e5a70_771 .array/port v000002029c6e5a70, 771;
v000002029c6e5a70_772 .array/port v000002029c6e5a70, 772;
E_000002029c675c10/209 .event anyedge, v000002029c6e5a70_769, v000002029c6e5a70_770, v000002029c6e5a70_771, v000002029c6e5a70_772;
v000002029c6e5a70_773 .array/port v000002029c6e5a70, 773;
v000002029c6e5a70_774 .array/port v000002029c6e5a70, 774;
v000002029c6e5a70_775 .array/port v000002029c6e5a70, 775;
v000002029c6e5a70_776 .array/port v000002029c6e5a70, 776;
E_000002029c675c10/210 .event anyedge, v000002029c6e5a70_773, v000002029c6e5a70_774, v000002029c6e5a70_775, v000002029c6e5a70_776;
v000002029c6e5a70_777 .array/port v000002029c6e5a70, 777;
v000002029c6e5a70_778 .array/port v000002029c6e5a70, 778;
v000002029c6e5a70_779 .array/port v000002029c6e5a70, 779;
v000002029c6e5a70_780 .array/port v000002029c6e5a70, 780;
E_000002029c675c10/211 .event anyedge, v000002029c6e5a70_777, v000002029c6e5a70_778, v000002029c6e5a70_779, v000002029c6e5a70_780;
v000002029c6e5a70_781 .array/port v000002029c6e5a70, 781;
v000002029c6e5a70_782 .array/port v000002029c6e5a70, 782;
v000002029c6e5a70_783 .array/port v000002029c6e5a70, 783;
v000002029c6e5a70_784 .array/port v000002029c6e5a70, 784;
E_000002029c675c10/212 .event anyedge, v000002029c6e5a70_781, v000002029c6e5a70_782, v000002029c6e5a70_783, v000002029c6e5a70_784;
v000002029c6e5a70_785 .array/port v000002029c6e5a70, 785;
v000002029c6e5a70_786 .array/port v000002029c6e5a70, 786;
v000002029c6e5a70_787 .array/port v000002029c6e5a70, 787;
v000002029c6e5a70_788 .array/port v000002029c6e5a70, 788;
E_000002029c675c10/213 .event anyedge, v000002029c6e5a70_785, v000002029c6e5a70_786, v000002029c6e5a70_787, v000002029c6e5a70_788;
v000002029c6e5a70_789 .array/port v000002029c6e5a70, 789;
v000002029c6e5a70_790 .array/port v000002029c6e5a70, 790;
v000002029c6e5a70_791 .array/port v000002029c6e5a70, 791;
v000002029c6e5a70_792 .array/port v000002029c6e5a70, 792;
E_000002029c675c10/214 .event anyedge, v000002029c6e5a70_789, v000002029c6e5a70_790, v000002029c6e5a70_791, v000002029c6e5a70_792;
v000002029c6e5a70_793 .array/port v000002029c6e5a70, 793;
v000002029c6e5a70_794 .array/port v000002029c6e5a70, 794;
v000002029c6e5a70_795 .array/port v000002029c6e5a70, 795;
v000002029c6e5a70_796 .array/port v000002029c6e5a70, 796;
E_000002029c675c10/215 .event anyedge, v000002029c6e5a70_793, v000002029c6e5a70_794, v000002029c6e5a70_795, v000002029c6e5a70_796;
v000002029c6e5a70_797 .array/port v000002029c6e5a70, 797;
v000002029c6e5a70_798 .array/port v000002029c6e5a70, 798;
v000002029c6e5a70_799 .array/port v000002029c6e5a70, 799;
v000002029c6e5a70_800 .array/port v000002029c6e5a70, 800;
E_000002029c675c10/216 .event anyedge, v000002029c6e5a70_797, v000002029c6e5a70_798, v000002029c6e5a70_799, v000002029c6e5a70_800;
v000002029c6e5a70_801 .array/port v000002029c6e5a70, 801;
v000002029c6e5a70_802 .array/port v000002029c6e5a70, 802;
v000002029c6e5a70_803 .array/port v000002029c6e5a70, 803;
v000002029c6e5a70_804 .array/port v000002029c6e5a70, 804;
E_000002029c675c10/217 .event anyedge, v000002029c6e5a70_801, v000002029c6e5a70_802, v000002029c6e5a70_803, v000002029c6e5a70_804;
v000002029c6e5a70_805 .array/port v000002029c6e5a70, 805;
v000002029c6e5a70_806 .array/port v000002029c6e5a70, 806;
v000002029c6e5a70_807 .array/port v000002029c6e5a70, 807;
v000002029c6e5a70_808 .array/port v000002029c6e5a70, 808;
E_000002029c675c10/218 .event anyedge, v000002029c6e5a70_805, v000002029c6e5a70_806, v000002029c6e5a70_807, v000002029c6e5a70_808;
v000002029c6e5a70_809 .array/port v000002029c6e5a70, 809;
v000002029c6e5a70_810 .array/port v000002029c6e5a70, 810;
v000002029c6e5a70_811 .array/port v000002029c6e5a70, 811;
v000002029c6e5a70_812 .array/port v000002029c6e5a70, 812;
E_000002029c675c10/219 .event anyedge, v000002029c6e5a70_809, v000002029c6e5a70_810, v000002029c6e5a70_811, v000002029c6e5a70_812;
v000002029c6e5a70_813 .array/port v000002029c6e5a70, 813;
v000002029c6e5a70_814 .array/port v000002029c6e5a70, 814;
v000002029c6e5a70_815 .array/port v000002029c6e5a70, 815;
v000002029c6e5a70_816 .array/port v000002029c6e5a70, 816;
E_000002029c675c10/220 .event anyedge, v000002029c6e5a70_813, v000002029c6e5a70_814, v000002029c6e5a70_815, v000002029c6e5a70_816;
v000002029c6e5a70_817 .array/port v000002029c6e5a70, 817;
v000002029c6e5a70_818 .array/port v000002029c6e5a70, 818;
v000002029c6e5a70_819 .array/port v000002029c6e5a70, 819;
v000002029c6e5a70_820 .array/port v000002029c6e5a70, 820;
E_000002029c675c10/221 .event anyedge, v000002029c6e5a70_817, v000002029c6e5a70_818, v000002029c6e5a70_819, v000002029c6e5a70_820;
v000002029c6e5a70_821 .array/port v000002029c6e5a70, 821;
v000002029c6e5a70_822 .array/port v000002029c6e5a70, 822;
v000002029c6e5a70_823 .array/port v000002029c6e5a70, 823;
v000002029c6e5a70_824 .array/port v000002029c6e5a70, 824;
E_000002029c675c10/222 .event anyedge, v000002029c6e5a70_821, v000002029c6e5a70_822, v000002029c6e5a70_823, v000002029c6e5a70_824;
v000002029c6e5a70_825 .array/port v000002029c6e5a70, 825;
v000002029c6e5a70_826 .array/port v000002029c6e5a70, 826;
v000002029c6e5a70_827 .array/port v000002029c6e5a70, 827;
v000002029c6e5a70_828 .array/port v000002029c6e5a70, 828;
E_000002029c675c10/223 .event anyedge, v000002029c6e5a70_825, v000002029c6e5a70_826, v000002029c6e5a70_827, v000002029c6e5a70_828;
v000002029c6e5a70_829 .array/port v000002029c6e5a70, 829;
v000002029c6e5a70_830 .array/port v000002029c6e5a70, 830;
v000002029c6e5a70_831 .array/port v000002029c6e5a70, 831;
v000002029c6e5a70_832 .array/port v000002029c6e5a70, 832;
E_000002029c675c10/224 .event anyedge, v000002029c6e5a70_829, v000002029c6e5a70_830, v000002029c6e5a70_831, v000002029c6e5a70_832;
v000002029c6e5a70_833 .array/port v000002029c6e5a70, 833;
v000002029c6e5a70_834 .array/port v000002029c6e5a70, 834;
v000002029c6e5a70_835 .array/port v000002029c6e5a70, 835;
v000002029c6e5a70_836 .array/port v000002029c6e5a70, 836;
E_000002029c675c10/225 .event anyedge, v000002029c6e5a70_833, v000002029c6e5a70_834, v000002029c6e5a70_835, v000002029c6e5a70_836;
v000002029c6e5a70_837 .array/port v000002029c6e5a70, 837;
v000002029c6e5a70_838 .array/port v000002029c6e5a70, 838;
v000002029c6e5a70_839 .array/port v000002029c6e5a70, 839;
v000002029c6e5a70_840 .array/port v000002029c6e5a70, 840;
E_000002029c675c10/226 .event anyedge, v000002029c6e5a70_837, v000002029c6e5a70_838, v000002029c6e5a70_839, v000002029c6e5a70_840;
v000002029c6e5a70_841 .array/port v000002029c6e5a70, 841;
v000002029c6e5a70_842 .array/port v000002029c6e5a70, 842;
v000002029c6e5a70_843 .array/port v000002029c6e5a70, 843;
v000002029c6e5a70_844 .array/port v000002029c6e5a70, 844;
E_000002029c675c10/227 .event anyedge, v000002029c6e5a70_841, v000002029c6e5a70_842, v000002029c6e5a70_843, v000002029c6e5a70_844;
v000002029c6e5a70_845 .array/port v000002029c6e5a70, 845;
v000002029c6e5a70_846 .array/port v000002029c6e5a70, 846;
v000002029c6e5a70_847 .array/port v000002029c6e5a70, 847;
v000002029c6e5a70_848 .array/port v000002029c6e5a70, 848;
E_000002029c675c10/228 .event anyedge, v000002029c6e5a70_845, v000002029c6e5a70_846, v000002029c6e5a70_847, v000002029c6e5a70_848;
v000002029c6e5a70_849 .array/port v000002029c6e5a70, 849;
v000002029c6e5a70_850 .array/port v000002029c6e5a70, 850;
v000002029c6e5a70_851 .array/port v000002029c6e5a70, 851;
v000002029c6e5a70_852 .array/port v000002029c6e5a70, 852;
E_000002029c675c10/229 .event anyedge, v000002029c6e5a70_849, v000002029c6e5a70_850, v000002029c6e5a70_851, v000002029c6e5a70_852;
v000002029c6e5a70_853 .array/port v000002029c6e5a70, 853;
v000002029c6e5a70_854 .array/port v000002029c6e5a70, 854;
v000002029c6e5a70_855 .array/port v000002029c6e5a70, 855;
v000002029c6e5a70_856 .array/port v000002029c6e5a70, 856;
E_000002029c675c10/230 .event anyedge, v000002029c6e5a70_853, v000002029c6e5a70_854, v000002029c6e5a70_855, v000002029c6e5a70_856;
v000002029c6e5a70_857 .array/port v000002029c6e5a70, 857;
v000002029c6e5a70_858 .array/port v000002029c6e5a70, 858;
v000002029c6e5a70_859 .array/port v000002029c6e5a70, 859;
v000002029c6e5a70_860 .array/port v000002029c6e5a70, 860;
E_000002029c675c10/231 .event anyedge, v000002029c6e5a70_857, v000002029c6e5a70_858, v000002029c6e5a70_859, v000002029c6e5a70_860;
v000002029c6e5a70_861 .array/port v000002029c6e5a70, 861;
v000002029c6e5a70_862 .array/port v000002029c6e5a70, 862;
v000002029c6e5a70_863 .array/port v000002029c6e5a70, 863;
v000002029c6e5a70_864 .array/port v000002029c6e5a70, 864;
E_000002029c675c10/232 .event anyedge, v000002029c6e5a70_861, v000002029c6e5a70_862, v000002029c6e5a70_863, v000002029c6e5a70_864;
v000002029c6e5a70_865 .array/port v000002029c6e5a70, 865;
v000002029c6e5a70_866 .array/port v000002029c6e5a70, 866;
v000002029c6e5a70_867 .array/port v000002029c6e5a70, 867;
v000002029c6e5a70_868 .array/port v000002029c6e5a70, 868;
E_000002029c675c10/233 .event anyedge, v000002029c6e5a70_865, v000002029c6e5a70_866, v000002029c6e5a70_867, v000002029c6e5a70_868;
v000002029c6e5a70_869 .array/port v000002029c6e5a70, 869;
v000002029c6e5a70_870 .array/port v000002029c6e5a70, 870;
v000002029c6e5a70_871 .array/port v000002029c6e5a70, 871;
v000002029c6e5a70_872 .array/port v000002029c6e5a70, 872;
E_000002029c675c10/234 .event anyedge, v000002029c6e5a70_869, v000002029c6e5a70_870, v000002029c6e5a70_871, v000002029c6e5a70_872;
v000002029c6e5a70_873 .array/port v000002029c6e5a70, 873;
v000002029c6e5a70_874 .array/port v000002029c6e5a70, 874;
v000002029c6e5a70_875 .array/port v000002029c6e5a70, 875;
v000002029c6e5a70_876 .array/port v000002029c6e5a70, 876;
E_000002029c675c10/235 .event anyedge, v000002029c6e5a70_873, v000002029c6e5a70_874, v000002029c6e5a70_875, v000002029c6e5a70_876;
v000002029c6e5a70_877 .array/port v000002029c6e5a70, 877;
v000002029c6e5a70_878 .array/port v000002029c6e5a70, 878;
v000002029c6e5a70_879 .array/port v000002029c6e5a70, 879;
v000002029c6e5a70_880 .array/port v000002029c6e5a70, 880;
E_000002029c675c10/236 .event anyedge, v000002029c6e5a70_877, v000002029c6e5a70_878, v000002029c6e5a70_879, v000002029c6e5a70_880;
v000002029c6e5a70_881 .array/port v000002029c6e5a70, 881;
v000002029c6e5a70_882 .array/port v000002029c6e5a70, 882;
v000002029c6e5a70_883 .array/port v000002029c6e5a70, 883;
v000002029c6e5a70_884 .array/port v000002029c6e5a70, 884;
E_000002029c675c10/237 .event anyedge, v000002029c6e5a70_881, v000002029c6e5a70_882, v000002029c6e5a70_883, v000002029c6e5a70_884;
v000002029c6e5a70_885 .array/port v000002029c6e5a70, 885;
v000002029c6e5a70_886 .array/port v000002029c6e5a70, 886;
v000002029c6e5a70_887 .array/port v000002029c6e5a70, 887;
v000002029c6e5a70_888 .array/port v000002029c6e5a70, 888;
E_000002029c675c10/238 .event anyedge, v000002029c6e5a70_885, v000002029c6e5a70_886, v000002029c6e5a70_887, v000002029c6e5a70_888;
v000002029c6e5a70_889 .array/port v000002029c6e5a70, 889;
v000002029c6e5a70_890 .array/port v000002029c6e5a70, 890;
v000002029c6e5a70_891 .array/port v000002029c6e5a70, 891;
v000002029c6e5a70_892 .array/port v000002029c6e5a70, 892;
E_000002029c675c10/239 .event anyedge, v000002029c6e5a70_889, v000002029c6e5a70_890, v000002029c6e5a70_891, v000002029c6e5a70_892;
v000002029c6e5a70_893 .array/port v000002029c6e5a70, 893;
v000002029c6e5a70_894 .array/port v000002029c6e5a70, 894;
v000002029c6e5a70_895 .array/port v000002029c6e5a70, 895;
v000002029c6e5a70_896 .array/port v000002029c6e5a70, 896;
E_000002029c675c10/240 .event anyedge, v000002029c6e5a70_893, v000002029c6e5a70_894, v000002029c6e5a70_895, v000002029c6e5a70_896;
v000002029c6e5a70_897 .array/port v000002029c6e5a70, 897;
v000002029c6e5a70_898 .array/port v000002029c6e5a70, 898;
v000002029c6e5a70_899 .array/port v000002029c6e5a70, 899;
v000002029c6e5a70_900 .array/port v000002029c6e5a70, 900;
E_000002029c675c10/241 .event anyedge, v000002029c6e5a70_897, v000002029c6e5a70_898, v000002029c6e5a70_899, v000002029c6e5a70_900;
v000002029c6e5a70_901 .array/port v000002029c6e5a70, 901;
v000002029c6e5a70_902 .array/port v000002029c6e5a70, 902;
v000002029c6e5a70_903 .array/port v000002029c6e5a70, 903;
v000002029c6e5a70_904 .array/port v000002029c6e5a70, 904;
E_000002029c675c10/242 .event anyedge, v000002029c6e5a70_901, v000002029c6e5a70_902, v000002029c6e5a70_903, v000002029c6e5a70_904;
v000002029c6e5a70_905 .array/port v000002029c6e5a70, 905;
v000002029c6e5a70_906 .array/port v000002029c6e5a70, 906;
v000002029c6e5a70_907 .array/port v000002029c6e5a70, 907;
v000002029c6e5a70_908 .array/port v000002029c6e5a70, 908;
E_000002029c675c10/243 .event anyedge, v000002029c6e5a70_905, v000002029c6e5a70_906, v000002029c6e5a70_907, v000002029c6e5a70_908;
v000002029c6e5a70_909 .array/port v000002029c6e5a70, 909;
v000002029c6e5a70_910 .array/port v000002029c6e5a70, 910;
v000002029c6e5a70_911 .array/port v000002029c6e5a70, 911;
v000002029c6e5a70_912 .array/port v000002029c6e5a70, 912;
E_000002029c675c10/244 .event anyedge, v000002029c6e5a70_909, v000002029c6e5a70_910, v000002029c6e5a70_911, v000002029c6e5a70_912;
v000002029c6e5a70_913 .array/port v000002029c6e5a70, 913;
v000002029c6e5a70_914 .array/port v000002029c6e5a70, 914;
v000002029c6e5a70_915 .array/port v000002029c6e5a70, 915;
v000002029c6e5a70_916 .array/port v000002029c6e5a70, 916;
E_000002029c675c10/245 .event anyedge, v000002029c6e5a70_913, v000002029c6e5a70_914, v000002029c6e5a70_915, v000002029c6e5a70_916;
v000002029c6e5a70_917 .array/port v000002029c6e5a70, 917;
v000002029c6e5a70_918 .array/port v000002029c6e5a70, 918;
v000002029c6e5a70_919 .array/port v000002029c6e5a70, 919;
v000002029c6e5a70_920 .array/port v000002029c6e5a70, 920;
E_000002029c675c10/246 .event anyedge, v000002029c6e5a70_917, v000002029c6e5a70_918, v000002029c6e5a70_919, v000002029c6e5a70_920;
v000002029c6e5a70_921 .array/port v000002029c6e5a70, 921;
v000002029c6e5a70_922 .array/port v000002029c6e5a70, 922;
v000002029c6e5a70_923 .array/port v000002029c6e5a70, 923;
v000002029c6e5a70_924 .array/port v000002029c6e5a70, 924;
E_000002029c675c10/247 .event anyedge, v000002029c6e5a70_921, v000002029c6e5a70_922, v000002029c6e5a70_923, v000002029c6e5a70_924;
v000002029c6e5a70_925 .array/port v000002029c6e5a70, 925;
v000002029c6e5a70_926 .array/port v000002029c6e5a70, 926;
v000002029c6e5a70_927 .array/port v000002029c6e5a70, 927;
v000002029c6e5a70_928 .array/port v000002029c6e5a70, 928;
E_000002029c675c10/248 .event anyedge, v000002029c6e5a70_925, v000002029c6e5a70_926, v000002029c6e5a70_927, v000002029c6e5a70_928;
v000002029c6e5a70_929 .array/port v000002029c6e5a70, 929;
v000002029c6e5a70_930 .array/port v000002029c6e5a70, 930;
v000002029c6e5a70_931 .array/port v000002029c6e5a70, 931;
v000002029c6e5a70_932 .array/port v000002029c6e5a70, 932;
E_000002029c675c10/249 .event anyedge, v000002029c6e5a70_929, v000002029c6e5a70_930, v000002029c6e5a70_931, v000002029c6e5a70_932;
v000002029c6e5a70_933 .array/port v000002029c6e5a70, 933;
v000002029c6e5a70_934 .array/port v000002029c6e5a70, 934;
v000002029c6e5a70_935 .array/port v000002029c6e5a70, 935;
v000002029c6e5a70_936 .array/port v000002029c6e5a70, 936;
E_000002029c675c10/250 .event anyedge, v000002029c6e5a70_933, v000002029c6e5a70_934, v000002029c6e5a70_935, v000002029c6e5a70_936;
v000002029c6e5a70_937 .array/port v000002029c6e5a70, 937;
v000002029c6e5a70_938 .array/port v000002029c6e5a70, 938;
v000002029c6e5a70_939 .array/port v000002029c6e5a70, 939;
v000002029c6e5a70_940 .array/port v000002029c6e5a70, 940;
E_000002029c675c10/251 .event anyedge, v000002029c6e5a70_937, v000002029c6e5a70_938, v000002029c6e5a70_939, v000002029c6e5a70_940;
v000002029c6e5a70_941 .array/port v000002029c6e5a70, 941;
v000002029c6e5a70_942 .array/port v000002029c6e5a70, 942;
v000002029c6e5a70_943 .array/port v000002029c6e5a70, 943;
v000002029c6e5a70_944 .array/port v000002029c6e5a70, 944;
E_000002029c675c10/252 .event anyedge, v000002029c6e5a70_941, v000002029c6e5a70_942, v000002029c6e5a70_943, v000002029c6e5a70_944;
v000002029c6e5a70_945 .array/port v000002029c6e5a70, 945;
v000002029c6e5a70_946 .array/port v000002029c6e5a70, 946;
v000002029c6e5a70_947 .array/port v000002029c6e5a70, 947;
v000002029c6e5a70_948 .array/port v000002029c6e5a70, 948;
E_000002029c675c10/253 .event anyedge, v000002029c6e5a70_945, v000002029c6e5a70_946, v000002029c6e5a70_947, v000002029c6e5a70_948;
v000002029c6e5a70_949 .array/port v000002029c6e5a70, 949;
v000002029c6e5a70_950 .array/port v000002029c6e5a70, 950;
v000002029c6e5a70_951 .array/port v000002029c6e5a70, 951;
v000002029c6e5a70_952 .array/port v000002029c6e5a70, 952;
E_000002029c675c10/254 .event anyedge, v000002029c6e5a70_949, v000002029c6e5a70_950, v000002029c6e5a70_951, v000002029c6e5a70_952;
v000002029c6e5a70_953 .array/port v000002029c6e5a70, 953;
v000002029c6e5a70_954 .array/port v000002029c6e5a70, 954;
v000002029c6e5a70_955 .array/port v000002029c6e5a70, 955;
v000002029c6e5a70_956 .array/port v000002029c6e5a70, 956;
E_000002029c675c10/255 .event anyedge, v000002029c6e5a70_953, v000002029c6e5a70_954, v000002029c6e5a70_955, v000002029c6e5a70_956;
v000002029c6e5a70_957 .array/port v000002029c6e5a70, 957;
v000002029c6e5a70_958 .array/port v000002029c6e5a70, 958;
v000002029c6e5a70_959 .array/port v000002029c6e5a70, 959;
v000002029c6e5a70_960 .array/port v000002029c6e5a70, 960;
E_000002029c675c10/256 .event anyedge, v000002029c6e5a70_957, v000002029c6e5a70_958, v000002029c6e5a70_959, v000002029c6e5a70_960;
v000002029c6e5a70_961 .array/port v000002029c6e5a70, 961;
v000002029c6e5a70_962 .array/port v000002029c6e5a70, 962;
v000002029c6e5a70_963 .array/port v000002029c6e5a70, 963;
v000002029c6e5a70_964 .array/port v000002029c6e5a70, 964;
E_000002029c675c10/257 .event anyedge, v000002029c6e5a70_961, v000002029c6e5a70_962, v000002029c6e5a70_963, v000002029c6e5a70_964;
v000002029c6e5a70_965 .array/port v000002029c6e5a70, 965;
v000002029c6e5a70_966 .array/port v000002029c6e5a70, 966;
v000002029c6e5a70_967 .array/port v000002029c6e5a70, 967;
v000002029c6e5a70_968 .array/port v000002029c6e5a70, 968;
E_000002029c675c10/258 .event anyedge, v000002029c6e5a70_965, v000002029c6e5a70_966, v000002029c6e5a70_967, v000002029c6e5a70_968;
v000002029c6e5a70_969 .array/port v000002029c6e5a70, 969;
v000002029c6e5a70_970 .array/port v000002029c6e5a70, 970;
v000002029c6e5a70_971 .array/port v000002029c6e5a70, 971;
v000002029c6e5a70_972 .array/port v000002029c6e5a70, 972;
E_000002029c675c10/259 .event anyedge, v000002029c6e5a70_969, v000002029c6e5a70_970, v000002029c6e5a70_971, v000002029c6e5a70_972;
v000002029c6e5a70_973 .array/port v000002029c6e5a70, 973;
v000002029c6e5a70_974 .array/port v000002029c6e5a70, 974;
v000002029c6e5a70_975 .array/port v000002029c6e5a70, 975;
v000002029c6e5a70_976 .array/port v000002029c6e5a70, 976;
E_000002029c675c10/260 .event anyedge, v000002029c6e5a70_973, v000002029c6e5a70_974, v000002029c6e5a70_975, v000002029c6e5a70_976;
v000002029c6e5a70_977 .array/port v000002029c6e5a70, 977;
v000002029c6e5a70_978 .array/port v000002029c6e5a70, 978;
v000002029c6e5a70_979 .array/port v000002029c6e5a70, 979;
v000002029c6e5a70_980 .array/port v000002029c6e5a70, 980;
E_000002029c675c10/261 .event anyedge, v000002029c6e5a70_977, v000002029c6e5a70_978, v000002029c6e5a70_979, v000002029c6e5a70_980;
v000002029c6e5a70_981 .array/port v000002029c6e5a70, 981;
v000002029c6e5a70_982 .array/port v000002029c6e5a70, 982;
v000002029c6e5a70_983 .array/port v000002029c6e5a70, 983;
v000002029c6e5a70_984 .array/port v000002029c6e5a70, 984;
E_000002029c675c10/262 .event anyedge, v000002029c6e5a70_981, v000002029c6e5a70_982, v000002029c6e5a70_983, v000002029c6e5a70_984;
v000002029c6e5a70_985 .array/port v000002029c6e5a70, 985;
v000002029c6e5a70_986 .array/port v000002029c6e5a70, 986;
v000002029c6e5a70_987 .array/port v000002029c6e5a70, 987;
v000002029c6e5a70_988 .array/port v000002029c6e5a70, 988;
E_000002029c675c10/263 .event anyedge, v000002029c6e5a70_985, v000002029c6e5a70_986, v000002029c6e5a70_987, v000002029c6e5a70_988;
v000002029c6e5a70_989 .array/port v000002029c6e5a70, 989;
v000002029c6e5a70_990 .array/port v000002029c6e5a70, 990;
v000002029c6e5a70_991 .array/port v000002029c6e5a70, 991;
v000002029c6e5a70_992 .array/port v000002029c6e5a70, 992;
E_000002029c675c10/264 .event anyedge, v000002029c6e5a70_989, v000002029c6e5a70_990, v000002029c6e5a70_991, v000002029c6e5a70_992;
v000002029c6e5a70_993 .array/port v000002029c6e5a70, 993;
v000002029c6e5a70_994 .array/port v000002029c6e5a70, 994;
v000002029c6e5a70_995 .array/port v000002029c6e5a70, 995;
v000002029c6e5a70_996 .array/port v000002029c6e5a70, 996;
E_000002029c675c10/265 .event anyedge, v000002029c6e5a70_993, v000002029c6e5a70_994, v000002029c6e5a70_995, v000002029c6e5a70_996;
v000002029c6e5a70_997 .array/port v000002029c6e5a70, 997;
v000002029c6e5a70_998 .array/port v000002029c6e5a70, 998;
v000002029c6e5a70_999 .array/port v000002029c6e5a70, 999;
v000002029c6e5a70_1000 .array/port v000002029c6e5a70, 1000;
E_000002029c675c10/266 .event anyedge, v000002029c6e5a70_997, v000002029c6e5a70_998, v000002029c6e5a70_999, v000002029c6e5a70_1000;
v000002029c6e5a70_1001 .array/port v000002029c6e5a70, 1001;
v000002029c6e5a70_1002 .array/port v000002029c6e5a70, 1002;
v000002029c6e5a70_1003 .array/port v000002029c6e5a70, 1003;
v000002029c6e5a70_1004 .array/port v000002029c6e5a70, 1004;
E_000002029c675c10/267 .event anyedge, v000002029c6e5a70_1001, v000002029c6e5a70_1002, v000002029c6e5a70_1003, v000002029c6e5a70_1004;
v000002029c6e5a70_1005 .array/port v000002029c6e5a70, 1005;
v000002029c6e5a70_1006 .array/port v000002029c6e5a70, 1006;
v000002029c6e5a70_1007 .array/port v000002029c6e5a70, 1007;
v000002029c6e5a70_1008 .array/port v000002029c6e5a70, 1008;
E_000002029c675c10/268 .event anyedge, v000002029c6e5a70_1005, v000002029c6e5a70_1006, v000002029c6e5a70_1007, v000002029c6e5a70_1008;
v000002029c6e5a70_1009 .array/port v000002029c6e5a70, 1009;
v000002029c6e5a70_1010 .array/port v000002029c6e5a70, 1010;
v000002029c6e5a70_1011 .array/port v000002029c6e5a70, 1011;
v000002029c6e5a70_1012 .array/port v000002029c6e5a70, 1012;
E_000002029c675c10/269 .event anyedge, v000002029c6e5a70_1009, v000002029c6e5a70_1010, v000002029c6e5a70_1011, v000002029c6e5a70_1012;
v000002029c6e5a70_1013 .array/port v000002029c6e5a70, 1013;
v000002029c6e5a70_1014 .array/port v000002029c6e5a70, 1014;
v000002029c6e5a70_1015 .array/port v000002029c6e5a70, 1015;
v000002029c6e5a70_1016 .array/port v000002029c6e5a70, 1016;
E_000002029c675c10/270 .event anyedge, v000002029c6e5a70_1013, v000002029c6e5a70_1014, v000002029c6e5a70_1015, v000002029c6e5a70_1016;
v000002029c6e5a70_1017 .array/port v000002029c6e5a70, 1017;
v000002029c6e5a70_1018 .array/port v000002029c6e5a70, 1018;
v000002029c6e5a70_1019 .array/port v000002029c6e5a70, 1019;
v000002029c6e5a70_1020 .array/port v000002029c6e5a70, 1020;
E_000002029c675c10/271 .event anyedge, v000002029c6e5a70_1017, v000002029c6e5a70_1018, v000002029c6e5a70_1019, v000002029c6e5a70_1020;
v000002029c6e5a70_1021 .array/port v000002029c6e5a70, 1021;
v000002029c6e5a70_1022 .array/port v000002029c6e5a70, 1022;
v000002029c6e5a70_1023 .array/port v000002029c6e5a70, 1023;
E_000002029c675c10/272 .event anyedge, v000002029c6e5a70_1021, v000002029c6e5a70_1022, v000002029c6e5a70_1023, v000002029c6e3b00_0;
v000002029c6e48c0_0 .array/port v000002029c6e48c0, 0;
v000002029c6e48c0_1 .array/port v000002029c6e48c0, 1;
v000002029c6e48c0_2 .array/port v000002029c6e48c0, 2;
v000002029c6e48c0_3 .array/port v000002029c6e48c0, 3;
E_000002029c675c10/273 .event anyedge, v000002029c6e48c0_0, v000002029c6e48c0_1, v000002029c6e48c0_2, v000002029c6e48c0_3;
v000002029c6e48c0_4 .array/port v000002029c6e48c0, 4;
v000002029c6e48c0_5 .array/port v000002029c6e48c0, 5;
v000002029c6e48c0_6 .array/port v000002029c6e48c0, 6;
v000002029c6e48c0_7 .array/port v000002029c6e48c0, 7;
E_000002029c675c10/274 .event anyedge, v000002029c6e48c0_4, v000002029c6e48c0_5, v000002029c6e48c0_6, v000002029c6e48c0_7;
v000002029c6e48c0_8 .array/port v000002029c6e48c0, 8;
v000002029c6e48c0_9 .array/port v000002029c6e48c0, 9;
v000002029c6e48c0_10 .array/port v000002029c6e48c0, 10;
v000002029c6e48c0_11 .array/port v000002029c6e48c0, 11;
E_000002029c675c10/275 .event anyedge, v000002029c6e48c0_8, v000002029c6e48c0_9, v000002029c6e48c0_10, v000002029c6e48c0_11;
v000002029c6e48c0_12 .array/port v000002029c6e48c0, 12;
v000002029c6e48c0_13 .array/port v000002029c6e48c0, 13;
v000002029c6e48c0_14 .array/port v000002029c6e48c0, 14;
v000002029c6e48c0_15 .array/port v000002029c6e48c0, 15;
E_000002029c675c10/276 .event anyedge, v000002029c6e48c0_12, v000002029c6e48c0_13, v000002029c6e48c0_14, v000002029c6e48c0_15;
v000002029c6e6e70_0 .array/port v000002029c6e6e70, 0;
v000002029c6e6e70_1 .array/port v000002029c6e6e70, 1;
v000002029c6e6e70_2 .array/port v000002029c6e6e70, 2;
E_000002029c675c10/277 .event anyedge, v000002029c6e4f00_0, v000002029c6e6e70_0, v000002029c6e6e70_1, v000002029c6e6e70_2;
v000002029c6e6e70_3 .array/port v000002029c6e6e70, 3;
v000002029c6e6e70_4 .array/port v000002029c6e6e70, 4;
v000002029c6e6e70_5 .array/port v000002029c6e6e70, 5;
v000002029c6e6e70_6 .array/port v000002029c6e6e70, 6;
E_000002029c675c10/278 .event anyedge, v000002029c6e6e70_3, v000002029c6e6e70_4, v000002029c6e6e70_5, v000002029c6e6e70_6;
v000002029c6e6e70_7 .array/port v000002029c6e6e70, 7;
v000002029c6e6e70_8 .array/port v000002029c6e6e70, 8;
v000002029c6e6e70_9 .array/port v000002029c6e6e70, 9;
v000002029c6e6e70_10 .array/port v000002029c6e6e70, 10;
E_000002029c675c10/279 .event anyedge, v000002029c6e6e70_7, v000002029c6e6e70_8, v000002029c6e6e70_9, v000002029c6e6e70_10;
v000002029c6e6e70_11 .array/port v000002029c6e6e70, 11;
v000002029c6e6e70_12 .array/port v000002029c6e6e70, 12;
v000002029c6e6e70_13 .array/port v000002029c6e6e70, 13;
v000002029c6e6e70_14 .array/port v000002029c6e6e70, 14;
E_000002029c675c10/280 .event anyedge, v000002029c6e6e70_11, v000002029c6e6e70_12, v000002029c6e6e70_13, v000002029c6e6e70_14;
v000002029c6e6e70_15 .array/port v000002029c6e6e70, 15;
v000002029c6e6e70_16 .array/port v000002029c6e6e70, 16;
v000002029c6e6e70_17 .array/port v000002029c6e6e70, 17;
v000002029c6e6e70_18 .array/port v000002029c6e6e70, 18;
E_000002029c675c10/281 .event anyedge, v000002029c6e6e70_15, v000002029c6e6e70_16, v000002029c6e6e70_17, v000002029c6e6e70_18;
v000002029c6e6e70_19 .array/port v000002029c6e6e70, 19;
v000002029c6e6e70_20 .array/port v000002029c6e6e70, 20;
v000002029c6e6e70_21 .array/port v000002029c6e6e70, 21;
v000002029c6e6e70_22 .array/port v000002029c6e6e70, 22;
E_000002029c675c10/282 .event anyedge, v000002029c6e6e70_19, v000002029c6e6e70_20, v000002029c6e6e70_21, v000002029c6e6e70_22;
v000002029c6e6e70_23 .array/port v000002029c6e6e70, 23;
v000002029c6e6e70_24 .array/port v000002029c6e6e70, 24;
v000002029c6e6e70_25 .array/port v000002029c6e6e70, 25;
v000002029c6e6e70_26 .array/port v000002029c6e6e70, 26;
E_000002029c675c10/283 .event anyedge, v000002029c6e6e70_23, v000002029c6e6e70_24, v000002029c6e6e70_25, v000002029c6e6e70_26;
v000002029c6e6e70_27 .array/port v000002029c6e6e70, 27;
v000002029c6e6e70_28 .array/port v000002029c6e6e70, 28;
v000002029c6e6e70_29 .array/port v000002029c6e6e70, 29;
v000002029c6e6e70_30 .array/port v000002029c6e6e70, 30;
E_000002029c675c10/284 .event anyedge, v000002029c6e6e70_27, v000002029c6e6e70_28, v000002029c6e6e70_29, v000002029c6e6e70_30;
v000002029c6e6e70_31 .array/port v000002029c6e6e70, 31;
v000002029c6e6e70_32 .array/port v000002029c6e6e70, 32;
v000002029c6e6e70_33 .array/port v000002029c6e6e70, 33;
v000002029c6e6e70_34 .array/port v000002029c6e6e70, 34;
E_000002029c675c10/285 .event anyedge, v000002029c6e6e70_31, v000002029c6e6e70_32, v000002029c6e6e70_33, v000002029c6e6e70_34;
v000002029c6e6e70_35 .array/port v000002029c6e6e70, 35;
v000002029c6e6e70_36 .array/port v000002029c6e6e70, 36;
v000002029c6e6e70_37 .array/port v000002029c6e6e70, 37;
v000002029c6e6e70_38 .array/port v000002029c6e6e70, 38;
E_000002029c675c10/286 .event anyedge, v000002029c6e6e70_35, v000002029c6e6e70_36, v000002029c6e6e70_37, v000002029c6e6e70_38;
v000002029c6e6e70_39 .array/port v000002029c6e6e70, 39;
v000002029c6e6e70_40 .array/port v000002029c6e6e70, 40;
v000002029c6e6e70_41 .array/port v000002029c6e6e70, 41;
v000002029c6e6e70_42 .array/port v000002029c6e6e70, 42;
E_000002029c675c10/287 .event anyedge, v000002029c6e6e70_39, v000002029c6e6e70_40, v000002029c6e6e70_41, v000002029c6e6e70_42;
v000002029c6e6e70_43 .array/port v000002029c6e6e70, 43;
v000002029c6e6e70_44 .array/port v000002029c6e6e70, 44;
v000002029c6e6e70_45 .array/port v000002029c6e6e70, 45;
v000002029c6e6e70_46 .array/port v000002029c6e6e70, 46;
E_000002029c675c10/288 .event anyedge, v000002029c6e6e70_43, v000002029c6e6e70_44, v000002029c6e6e70_45, v000002029c6e6e70_46;
v000002029c6e6e70_47 .array/port v000002029c6e6e70, 47;
v000002029c6e6e70_48 .array/port v000002029c6e6e70, 48;
v000002029c6e6e70_49 .array/port v000002029c6e6e70, 49;
v000002029c6e6e70_50 .array/port v000002029c6e6e70, 50;
E_000002029c675c10/289 .event anyedge, v000002029c6e6e70_47, v000002029c6e6e70_48, v000002029c6e6e70_49, v000002029c6e6e70_50;
v000002029c6e6e70_51 .array/port v000002029c6e6e70, 51;
v000002029c6e6e70_52 .array/port v000002029c6e6e70, 52;
v000002029c6e6e70_53 .array/port v000002029c6e6e70, 53;
v000002029c6e6e70_54 .array/port v000002029c6e6e70, 54;
E_000002029c675c10/290 .event anyedge, v000002029c6e6e70_51, v000002029c6e6e70_52, v000002029c6e6e70_53, v000002029c6e6e70_54;
v000002029c6e6e70_55 .array/port v000002029c6e6e70, 55;
v000002029c6e6e70_56 .array/port v000002029c6e6e70, 56;
v000002029c6e6e70_57 .array/port v000002029c6e6e70, 57;
v000002029c6e6e70_58 .array/port v000002029c6e6e70, 58;
E_000002029c675c10/291 .event anyedge, v000002029c6e6e70_55, v000002029c6e6e70_56, v000002029c6e6e70_57, v000002029c6e6e70_58;
v000002029c6e6e70_59 .array/port v000002029c6e6e70, 59;
v000002029c6e6e70_60 .array/port v000002029c6e6e70, 60;
v000002029c6e6e70_61 .array/port v000002029c6e6e70, 61;
v000002029c6e6e70_62 .array/port v000002029c6e6e70, 62;
E_000002029c675c10/292 .event anyedge, v000002029c6e6e70_59, v000002029c6e6e70_60, v000002029c6e6e70_61, v000002029c6e6e70_62;
v000002029c6e6e70_63 .array/port v000002029c6e6e70, 63;
v000002029c6e6e70_64 .array/port v000002029c6e6e70, 64;
v000002029c6e6e70_65 .array/port v000002029c6e6e70, 65;
v000002029c6e6e70_66 .array/port v000002029c6e6e70, 66;
E_000002029c675c10/293 .event anyedge, v000002029c6e6e70_63, v000002029c6e6e70_64, v000002029c6e6e70_65, v000002029c6e6e70_66;
v000002029c6e6e70_67 .array/port v000002029c6e6e70, 67;
v000002029c6e6e70_68 .array/port v000002029c6e6e70, 68;
v000002029c6e6e70_69 .array/port v000002029c6e6e70, 69;
v000002029c6e6e70_70 .array/port v000002029c6e6e70, 70;
E_000002029c675c10/294 .event anyedge, v000002029c6e6e70_67, v000002029c6e6e70_68, v000002029c6e6e70_69, v000002029c6e6e70_70;
v000002029c6e6e70_71 .array/port v000002029c6e6e70, 71;
v000002029c6e6e70_72 .array/port v000002029c6e6e70, 72;
v000002029c6e6e70_73 .array/port v000002029c6e6e70, 73;
v000002029c6e6e70_74 .array/port v000002029c6e6e70, 74;
E_000002029c675c10/295 .event anyedge, v000002029c6e6e70_71, v000002029c6e6e70_72, v000002029c6e6e70_73, v000002029c6e6e70_74;
v000002029c6e6e70_75 .array/port v000002029c6e6e70, 75;
v000002029c6e6e70_76 .array/port v000002029c6e6e70, 76;
v000002029c6e6e70_77 .array/port v000002029c6e6e70, 77;
v000002029c6e6e70_78 .array/port v000002029c6e6e70, 78;
E_000002029c675c10/296 .event anyedge, v000002029c6e6e70_75, v000002029c6e6e70_76, v000002029c6e6e70_77, v000002029c6e6e70_78;
v000002029c6e6e70_79 .array/port v000002029c6e6e70, 79;
v000002029c6e6e70_80 .array/port v000002029c6e6e70, 80;
v000002029c6e6e70_81 .array/port v000002029c6e6e70, 81;
v000002029c6e6e70_82 .array/port v000002029c6e6e70, 82;
E_000002029c675c10/297 .event anyedge, v000002029c6e6e70_79, v000002029c6e6e70_80, v000002029c6e6e70_81, v000002029c6e6e70_82;
v000002029c6e6e70_83 .array/port v000002029c6e6e70, 83;
v000002029c6e6e70_84 .array/port v000002029c6e6e70, 84;
v000002029c6e6e70_85 .array/port v000002029c6e6e70, 85;
v000002029c6e6e70_86 .array/port v000002029c6e6e70, 86;
E_000002029c675c10/298 .event anyedge, v000002029c6e6e70_83, v000002029c6e6e70_84, v000002029c6e6e70_85, v000002029c6e6e70_86;
v000002029c6e6e70_87 .array/port v000002029c6e6e70, 87;
v000002029c6e6e70_88 .array/port v000002029c6e6e70, 88;
v000002029c6e6e70_89 .array/port v000002029c6e6e70, 89;
v000002029c6e6e70_90 .array/port v000002029c6e6e70, 90;
E_000002029c675c10/299 .event anyedge, v000002029c6e6e70_87, v000002029c6e6e70_88, v000002029c6e6e70_89, v000002029c6e6e70_90;
v000002029c6e6e70_91 .array/port v000002029c6e6e70, 91;
v000002029c6e6e70_92 .array/port v000002029c6e6e70, 92;
v000002029c6e6e70_93 .array/port v000002029c6e6e70, 93;
v000002029c6e6e70_94 .array/port v000002029c6e6e70, 94;
E_000002029c675c10/300 .event anyedge, v000002029c6e6e70_91, v000002029c6e6e70_92, v000002029c6e6e70_93, v000002029c6e6e70_94;
v000002029c6e6e70_95 .array/port v000002029c6e6e70, 95;
v000002029c6e6e70_96 .array/port v000002029c6e6e70, 96;
v000002029c6e6e70_97 .array/port v000002029c6e6e70, 97;
v000002029c6e6e70_98 .array/port v000002029c6e6e70, 98;
E_000002029c675c10/301 .event anyedge, v000002029c6e6e70_95, v000002029c6e6e70_96, v000002029c6e6e70_97, v000002029c6e6e70_98;
v000002029c6e6e70_99 .array/port v000002029c6e6e70, 99;
v000002029c6e6e70_100 .array/port v000002029c6e6e70, 100;
v000002029c6e6e70_101 .array/port v000002029c6e6e70, 101;
v000002029c6e6e70_102 .array/port v000002029c6e6e70, 102;
E_000002029c675c10/302 .event anyedge, v000002029c6e6e70_99, v000002029c6e6e70_100, v000002029c6e6e70_101, v000002029c6e6e70_102;
v000002029c6e6e70_103 .array/port v000002029c6e6e70, 103;
v000002029c6e6e70_104 .array/port v000002029c6e6e70, 104;
v000002029c6e6e70_105 .array/port v000002029c6e6e70, 105;
v000002029c6e6e70_106 .array/port v000002029c6e6e70, 106;
E_000002029c675c10/303 .event anyedge, v000002029c6e6e70_103, v000002029c6e6e70_104, v000002029c6e6e70_105, v000002029c6e6e70_106;
v000002029c6e6e70_107 .array/port v000002029c6e6e70, 107;
v000002029c6e6e70_108 .array/port v000002029c6e6e70, 108;
v000002029c6e6e70_109 .array/port v000002029c6e6e70, 109;
v000002029c6e6e70_110 .array/port v000002029c6e6e70, 110;
E_000002029c675c10/304 .event anyedge, v000002029c6e6e70_107, v000002029c6e6e70_108, v000002029c6e6e70_109, v000002029c6e6e70_110;
v000002029c6e6e70_111 .array/port v000002029c6e6e70, 111;
v000002029c6e6e70_112 .array/port v000002029c6e6e70, 112;
v000002029c6e6e70_113 .array/port v000002029c6e6e70, 113;
v000002029c6e6e70_114 .array/port v000002029c6e6e70, 114;
E_000002029c675c10/305 .event anyedge, v000002029c6e6e70_111, v000002029c6e6e70_112, v000002029c6e6e70_113, v000002029c6e6e70_114;
v000002029c6e6e70_115 .array/port v000002029c6e6e70, 115;
v000002029c6e6e70_116 .array/port v000002029c6e6e70, 116;
v000002029c6e6e70_117 .array/port v000002029c6e6e70, 117;
v000002029c6e6e70_118 .array/port v000002029c6e6e70, 118;
E_000002029c675c10/306 .event anyedge, v000002029c6e6e70_115, v000002029c6e6e70_116, v000002029c6e6e70_117, v000002029c6e6e70_118;
v000002029c6e6e70_119 .array/port v000002029c6e6e70, 119;
v000002029c6e6e70_120 .array/port v000002029c6e6e70, 120;
v000002029c6e6e70_121 .array/port v000002029c6e6e70, 121;
v000002029c6e6e70_122 .array/port v000002029c6e6e70, 122;
E_000002029c675c10/307 .event anyedge, v000002029c6e6e70_119, v000002029c6e6e70_120, v000002029c6e6e70_121, v000002029c6e6e70_122;
v000002029c6e6e70_123 .array/port v000002029c6e6e70, 123;
v000002029c6e6e70_124 .array/port v000002029c6e6e70, 124;
v000002029c6e6e70_125 .array/port v000002029c6e6e70, 125;
v000002029c6e6e70_126 .array/port v000002029c6e6e70, 126;
E_000002029c675c10/308 .event anyedge, v000002029c6e6e70_123, v000002029c6e6e70_124, v000002029c6e6e70_125, v000002029c6e6e70_126;
v000002029c6e6e70_127 .array/port v000002029c6e6e70, 127;
v000002029c6e6e70_128 .array/port v000002029c6e6e70, 128;
v000002029c6e6e70_129 .array/port v000002029c6e6e70, 129;
v000002029c6e6e70_130 .array/port v000002029c6e6e70, 130;
E_000002029c675c10/309 .event anyedge, v000002029c6e6e70_127, v000002029c6e6e70_128, v000002029c6e6e70_129, v000002029c6e6e70_130;
v000002029c6e6e70_131 .array/port v000002029c6e6e70, 131;
v000002029c6e6e70_132 .array/port v000002029c6e6e70, 132;
v000002029c6e6e70_133 .array/port v000002029c6e6e70, 133;
v000002029c6e6e70_134 .array/port v000002029c6e6e70, 134;
E_000002029c675c10/310 .event anyedge, v000002029c6e6e70_131, v000002029c6e6e70_132, v000002029c6e6e70_133, v000002029c6e6e70_134;
v000002029c6e6e70_135 .array/port v000002029c6e6e70, 135;
v000002029c6e6e70_136 .array/port v000002029c6e6e70, 136;
v000002029c6e6e70_137 .array/port v000002029c6e6e70, 137;
v000002029c6e6e70_138 .array/port v000002029c6e6e70, 138;
E_000002029c675c10/311 .event anyedge, v000002029c6e6e70_135, v000002029c6e6e70_136, v000002029c6e6e70_137, v000002029c6e6e70_138;
v000002029c6e6e70_139 .array/port v000002029c6e6e70, 139;
v000002029c6e6e70_140 .array/port v000002029c6e6e70, 140;
v000002029c6e6e70_141 .array/port v000002029c6e6e70, 141;
v000002029c6e6e70_142 .array/port v000002029c6e6e70, 142;
E_000002029c675c10/312 .event anyedge, v000002029c6e6e70_139, v000002029c6e6e70_140, v000002029c6e6e70_141, v000002029c6e6e70_142;
v000002029c6e6e70_143 .array/port v000002029c6e6e70, 143;
v000002029c6e6e70_144 .array/port v000002029c6e6e70, 144;
v000002029c6e6e70_145 .array/port v000002029c6e6e70, 145;
v000002029c6e6e70_146 .array/port v000002029c6e6e70, 146;
E_000002029c675c10/313 .event anyedge, v000002029c6e6e70_143, v000002029c6e6e70_144, v000002029c6e6e70_145, v000002029c6e6e70_146;
v000002029c6e6e70_147 .array/port v000002029c6e6e70, 147;
v000002029c6e6e70_148 .array/port v000002029c6e6e70, 148;
v000002029c6e6e70_149 .array/port v000002029c6e6e70, 149;
v000002029c6e6e70_150 .array/port v000002029c6e6e70, 150;
E_000002029c675c10/314 .event anyedge, v000002029c6e6e70_147, v000002029c6e6e70_148, v000002029c6e6e70_149, v000002029c6e6e70_150;
v000002029c6e6e70_151 .array/port v000002029c6e6e70, 151;
v000002029c6e6e70_152 .array/port v000002029c6e6e70, 152;
v000002029c6e6e70_153 .array/port v000002029c6e6e70, 153;
v000002029c6e6e70_154 .array/port v000002029c6e6e70, 154;
E_000002029c675c10/315 .event anyedge, v000002029c6e6e70_151, v000002029c6e6e70_152, v000002029c6e6e70_153, v000002029c6e6e70_154;
v000002029c6e6e70_155 .array/port v000002029c6e6e70, 155;
v000002029c6e6e70_156 .array/port v000002029c6e6e70, 156;
v000002029c6e6e70_157 .array/port v000002029c6e6e70, 157;
v000002029c6e6e70_158 .array/port v000002029c6e6e70, 158;
E_000002029c675c10/316 .event anyedge, v000002029c6e6e70_155, v000002029c6e6e70_156, v000002029c6e6e70_157, v000002029c6e6e70_158;
v000002029c6e6e70_159 .array/port v000002029c6e6e70, 159;
E_000002029c675c10/317 .event anyedge, v000002029c6e6e70_159;
E_000002029c675c10 .event/or E_000002029c675c10/0, E_000002029c675c10/1, E_000002029c675c10/2, E_000002029c675c10/3, E_000002029c675c10/4, E_000002029c675c10/5, E_000002029c675c10/6, E_000002029c675c10/7, E_000002029c675c10/8, E_000002029c675c10/9, E_000002029c675c10/10, E_000002029c675c10/11, E_000002029c675c10/12, E_000002029c675c10/13, E_000002029c675c10/14, E_000002029c675c10/15, E_000002029c675c10/16, E_000002029c675c10/17, E_000002029c675c10/18, E_000002029c675c10/19, E_000002029c675c10/20, E_000002029c675c10/21, E_000002029c675c10/22, E_000002029c675c10/23, E_000002029c675c10/24, E_000002029c675c10/25, E_000002029c675c10/26, E_000002029c675c10/27, E_000002029c675c10/28, E_000002029c675c10/29, E_000002029c675c10/30, E_000002029c675c10/31, E_000002029c675c10/32, E_000002029c675c10/33, E_000002029c675c10/34, E_000002029c675c10/35, E_000002029c675c10/36, E_000002029c675c10/37, E_000002029c675c10/38, E_000002029c675c10/39, E_000002029c675c10/40, E_000002029c675c10/41, E_000002029c675c10/42, E_000002029c675c10/43, E_000002029c675c10/44, E_000002029c675c10/45, E_000002029c675c10/46, E_000002029c675c10/47, E_000002029c675c10/48, E_000002029c675c10/49, E_000002029c675c10/50, E_000002029c675c10/51, E_000002029c675c10/52, E_000002029c675c10/53, E_000002029c675c10/54, E_000002029c675c10/55, E_000002029c675c10/56, E_000002029c675c10/57, E_000002029c675c10/58, E_000002029c675c10/59, E_000002029c675c10/60, E_000002029c675c10/61, E_000002029c675c10/62, E_000002029c675c10/63, E_000002029c675c10/64, E_000002029c675c10/65, E_000002029c675c10/66, E_000002029c675c10/67, E_000002029c675c10/68, E_000002029c675c10/69, E_000002029c675c10/70, E_000002029c675c10/71, E_000002029c675c10/72, E_000002029c675c10/73, E_000002029c675c10/74, E_000002029c675c10/75, E_000002029c675c10/76, E_000002029c675c10/77, E_000002029c675c10/78, E_000002029c675c10/79, E_000002029c675c10/80, E_000002029c675c10/81, E_000002029c675c10/82, E_000002029c675c10/83, E_000002029c675c10/84, E_000002029c675c10/85, E_000002029c675c10/86, E_000002029c675c10/87, E_000002029c675c10/88, E_000002029c675c10/89, E_000002029c675c10/90, E_000002029c675c10/91, E_000002029c675c10/92, E_000002029c675c10/93, E_000002029c675c10/94, E_000002029c675c10/95, E_000002029c675c10/96, E_000002029c675c10/97, E_000002029c675c10/98, E_000002029c675c10/99, E_000002029c675c10/100, E_000002029c675c10/101, E_000002029c675c10/102, E_000002029c675c10/103, E_000002029c675c10/104, E_000002029c675c10/105, E_000002029c675c10/106, E_000002029c675c10/107, E_000002029c675c10/108, E_000002029c675c10/109, E_000002029c675c10/110, E_000002029c675c10/111, E_000002029c675c10/112, E_000002029c675c10/113, E_000002029c675c10/114, E_000002029c675c10/115, E_000002029c675c10/116, E_000002029c675c10/117, E_000002029c675c10/118, E_000002029c675c10/119, E_000002029c675c10/120, E_000002029c675c10/121, E_000002029c675c10/122, E_000002029c675c10/123, E_000002029c675c10/124, E_000002029c675c10/125, E_000002029c675c10/126, E_000002029c675c10/127, E_000002029c675c10/128, E_000002029c675c10/129, E_000002029c675c10/130, E_000002029c675c10/131, E_000002029c675c10/132, E_000002029c675c10/133, E_000002029c675c10/134, E_000002029c675c10/135, E_000002029c675c10/136, E_000002029c675c10/137, E_000002029c675c10/138, E_000002029c675c10/139, E_000002029c675c10/140, E_000002029c675c10/141, E_000002029c675c10/142, E_000002029c675c10/143, E_000002029c675c10/144, E_000002029c675c10/145, E_000002029c675c10/146, E_000002029c675c10/147, E_000002029c675c10/148, E_000002029c675c10/149, E_000002029c675c10/150, E_000002029c675c10/151, E_000002029c675c10/152, E_000002029c675c10/153, E_000002029c675c10/154, E_000002029c675c10/155, E_000002029c675c10/156, E_000002029c675c10/157, E_000002029c675c10/158, E_000002029c675c10/159, E_000002029c675c10/160, E_000002029c675c10/161, E_000002029c675c10/162, E_000002029c675c10/163, E_000002029c675c10/164, E_000002029c675c10/165, E_000002029c675c10/166, E_000002029c675c10/167, E_000002029c675c10/168, E_000002029c675c10/169, E_000002029c675c10/170, E_000002029c675c10/171, E_000002029c675c10/172, E_000002029c675c10/173, E_000002029c675c10/174, E_000002029c675c10/175, E_000002029c675c10/176, E_000002029c675c10/177, E_000002029c675c10/178, E_000002029c675c10/179, E_000002029c675c10/180, E_000002029c675c10/181, E_000002029c675c10/182, E_000002029c675c10/183, E_000002029c675c10/184, E_000002029c675c10/185, E_000002029c675c10/186, E_000002029c675c10/187, E_000002029c675c10/188, E_000002029c675c10/189, E_000002029c675c10/190, E_000002029c675c10/191, E_000002029c675c10/192, E_000002029c675c10/193, E_000002029c675c10/194, E_000002029c675c10/195, E_000002029c675c10/196, E_000002029c675c10/197, E_000002029c675c10/198, E_000002029c675c10/199, E_000002029c675c10/200, E_000002029c675c10/201, E_000002029c675c10/202, E_000002029c675c10/203, E_000002029c675c10/204, E_000002029c675c10/205, E_000002029c675c10/206, E_000002029c675c10/207, E_000002029c675c10/208, E_000002029c675c10/209, E_000002029c675c10/210, E_000002029c675c10/211, E_000002029c675c10/212, E_000002029c675c10/213, E_000002029c675c10/214, E_000002029c675c10/215, E_000002029c675c10/216, E_000002029c675c10/217, E_000002029c675c10/218, E_000002029c675c10/219, E_000002029c675c10/220, E_000002029c675c10/221, E_000002029c675c10/222, E_000002029c675c10/223, E_000002029c675c10/224, E_000002029c675c10/225, E_000002029c675c10/226, E_000002029c675c10/227, E_000002029c675c10/228, E_000002029c675c10/229, E_000002029c675c10/230, E_000002029c675c10/231, E_000002029c675c10/232, E_000002029c675c10/233, E_000002029c675c10/234, E_000002029c675c10/235, E_000002029c675c10/236, E_000002029c675c10/237, E_000002029c675c10/238, E_000002029c675c10/239, E_000002029c675c10/240, E_000002029c675c10/241, E_000002029c675c10/242, E_000002029c675c10/243, E_000002029c675c10/244, E_000002029c675c10/245, E_000002029c675c10/246, E_000002029c675c10/247, E_000002029c675c10/248, E_000002029c675c10/249, E_000002029c675c10/250, E_000002029c675c10/251, E_000002029c675c10/252, E_000002029c675c10/253, E_000002029c675c10/254, E_000002029c675c10/255, E_000002029c675c10/256, E_000002029c675c10/257, E_000002029c675c10/258, E_000002029c675c10/259, E_000002029c675c10/260, E_000002029c675c10/261, E_000002029c675c10/262, E_000002029c675c10/263, E_000002029c675c10/264, E_000002029c675c10/265, E_000002029c675c10/266, E_000002029c675c10/267, E_000002029c675c10/268, E_000002029c675c10/269, E_000002029c675c10/270, E_000002029c675c10/271, E_000002029c675c10/272, E_000002029c675c10/273, E_000002029c675c10/274, E_000002029c675c10/275, E_000002029c675c10/276, E_000002029c675c10/277, E_000002029c675c10/278, E_000002029c675c10/279, E_000002029c675c10/280, E_000002029c675c10/281, E_000002029c675c10/282, E_000002029c675c10/283, E_000002029c675c10/284, E_000002029c675c10/285, E_000002029c675c10/286, E_000002029c675c10/287, E_000002029c675c10/288, E_000002029c675c10/289, E_000002029c675c10/290, E_000002029c675c10/291, E_000002029c675c10/292, E_000002029c675c10/293, E_000002029c675c10/294, E_000002029c675c10/295, E_000002029c675c10/296, E_000002029c675c10/297, E_000002029c675c10/298, E_000002029c675c10/299, E_000002029c675c10/300, E_000002029c675c10/301, E_000002029c675c10/302, E_000002029c675c10/303, E_000002029c675c10/304, E_000002029c675c10/305, E_000002029c675c10/306, E_000002029c675c10/307, E_000002029c675c10/308, E_000002029c675c10/309, E_000002029c675c10/310, E_000002029c675c10/311, E_000002029c675c10/312, E_000002029c675c10/313, E_000002029c675c10/314, E_000002029c675c10/315, E_000002029c675c10/316, E_000002029c675c10/317;
S_000002029c5a2eb0 .scope module, "mac4_inst" "mac4_unit" 4 80, 5 1 0, S_000002029c5e0d80;
 .timescale 0 0;
    .port_info 0 /INPUT 32 "input0";
    .port_info 1 /INPUT 32 "input1";
    .port_info 2 /INPUT 32 "input2";
    .port_info 3 /INPUT 32 "input3";
    .port_info 4 /INPUT 8 "weight0";
    .port_info 5 /INPUT 8 "weight1";
    .port_info 6 /INPUT 8 "weight2";
    .port_info 7 /INPUT 8 "weight3";
    .port_info 8 /INPUT 32 "acc_in";
    .port_info 9 /OUTPUT 32 "acc_out";
P_000002029c6305d0 .param/l "ACC_WIDTH" 0 5 4, +C4<00000000000000000000000000100000>;
P_000002029c630608 .param/l "DATA_WIDTH" 0 5 2, +C4<00000000000000000000000000100000>;
P_000002029c630640 .param/l "PRODUCT_WIDTH" 1 5 20, +C4<00000000000000000000000000101000>;
P_000002029c630678 .param/l "SUM_WIDTH" 1 5 21, +C4<00000000000000000000000000101010>;
P_000002029c6306b0 .param/l "WEIGHT_WIDTH" 0 5 3, +C4<00000000000000000000000000001000>;
v000002029c670790_0 .net/s *"_ivl_0", 39 0, L_000002029c6e6ab0;  1 drivers
v000002029c670650_0 .net/s *"_ivl_12", 39 0, L_000002029c6e5b10;  1 drivers
v000002029c671050_0 .net/s *"_ivl_14", 39 0, L_000002029c6e6bf0;  1 drivers
v000002029c6714b0_0 .net/s *"_ivl_18", 39 0, L_000002029c6e6790;  1 drivers
v000002029c671410_0 .net/s *"_ivl_2", 39 0, L_000002029c6e70f0;  1 drivers
v000002029c6710f0_0 .net/s *"_ivl_20", 39 0, L_000002029c6e7190;  1 drivers
v000002029c671550_0 .net *"_ivl_25", 0 0, L_000002029c6e6150;  1 drivers
v000002029c670dd0_0 .net *"_ivl_26", 1 0, L_000002029c6e6f10;  1 drivers
v000002029c670830_0 .net *"_ivl_31", 0 0, L_000002029c6e75f0;  1 drivers
v000002029c670bf0_0 .net *"_ivl_32", 1 0, L_000002029c6e5cf0;  1 drivers
v000002029c671370_0 .net *"_ivl_37", 0 0, L_000002029c6e61f0;  1 drivers
v000002029c6712d0_0 .net *"_ivl_38", 1 0, L_000002029c6e63d0;  1 drivers
v000002029c671230_0 .net *"_ivl_43", 0 0, L_000002029c6e6290;  1 drivers
v000002029c670a10_0 .net *"_ivl_44", 1 0, L_000002029c6e6fb0;  1 drivers
v000002029c6708d0_0 .net *"_ivl_49", 0 0, L_000002029c6e6470;  1 drivers
v000002029c670e70_0 .net *"_ivl_50", 9 0, L_000002029c6e7730;  1 drivers
v000002029c670f10_0 .net/s *"_ivl_58", 41 0, L_000002029c6e65b0;  1 drivers
v000002029c6706f0_0 .net/s *"_ivl_6", 39 0, L_000002029c6e6dd0;  1 drivers
v000002029c670970_0 .net/s *"_ivl_8", 39 0, L_000002029c6e6b50;  1 drivers
v000002029c6e5180_0 .net/s "acc_ext", 41 0, L_000002029c6e6830;  1 drivers
v000002029c6e39c0_0 .net/s "acc_in", 31 0, v000002029c6e5360_0;  1 drivers
v000002029c6e3c40_0 .net/s "acc_out", 31 0, L_000002029c6e6a10;  alias, 1 drivers
v000002029c6e4d20_0 .net/s "input0", 31 0, v000002029c6e4a00_0;  1 drivers
v000002029c6e5720_0 .net/s "input1", 31 0, v000002029c6e3ec0_0;  1 drivers
v000002029c6e5540_0 .net/s "input2", 31 0, v000002029c6e4be0_0;  1 drivers
v000002029c6e3a60_0 .net/s "input3", 31 0, v000002029c6e40a0_0;  1 drivers
v000002029c6e4320_0 .net/s "pair_sum0", 41 0, L_000002029c6e6330;  1 drivers
v000002029c6e4960_0 .net/s "pair_sum1", 41 0, L_000002029c6e6510;  1 drivers
v000002029c6e46e0_0 .net/s "product0", 39 0, L_000002029c6e6010;  1 drivers
v000002029c6e5400_0 .net/s "product0_ext", 41 0, L_000002029c6e7370;  1 drivers
v000002029c6e4c80_0 .net/s "product1", 39 0, L_000002029c6e5bb0;  1 drivers
v000002029c6e4000_0 .net/s "product1_ext", 41 0, L_000002029c6e5d90;  1 drivers
v000002029c6e4dc0_0 .net/s "product2", 39 0, L_000002029c6e6d30;  1 drivers
v000002029c6e55e0_0 .net/s "product2_ext", 41 0, L_000002029c6e5ed0;  1 drivers
v000002029c6e4b40_0 .net/s "product3", 39 0, L_000002029c6e5c50;  1 drivers
v000002029c6e3f60_0 .net/s "product3_ext", 41 0, L_000002029c6e7690;  1 drivers
v000002029c6e57c0_0 .net/s "sum_ext", 41 0, L_000002029c6e6970;  1 drivers
v000002029c6e43c0_0 .net/s "weight0", 7 0, v000002029c6e5680_0;  1 drivers
v000002029c6e4280_0 .net/s "weight1", 7 0, v000002029c6e41e0_0;  1 drivers
v000002029c6e4aa0_0 .net/s "weight2", 7 0, v000002029c6e4fa0_0;  1 drivers
v000002029c6e4460_0 .net/s "weight3", 7 0, v000002029c6e4140_0;  1 drivers
L_000002029c6e6ab0 .extend/s 40, v000002029c6e4a00_0;
L_000002029c6e70f0 .extend/s 40, v000002029c6e5680_0;
L_000002029c6e6010 .arith/mult 40, L_000002029c6e6ab0, L_000002029c6e70f0;
L_000002029c6e6dd0 .extend/s 40, v000002029c6e3ec0_0;
L_000002029c6e6b50 .extend/s 40, v000002029c6e41e0_0;
L_000002029c6e5bb0 .arith/mult 40, L_000002029c6e6dd0, L_000002029c6e6b50;
L_000002029c6e5b10 .extend/s 40, v000002029c6e4be0_0;
L_000002029c6e6bf0 .extend/s 40, v000002029c6e4fa0_0;
L_000002029c6e6d30 .arith/mult 40, L_000002029c6e5b10, L_000002029c6e6bf0;
L_000002029c6e6790 .extend/s 40, v000002029c6e40a0_0;
L_000002029c6e7190 .extend/s 40, v000002029c6e4140_0;
L_000002029c6e5c50 .arith/mult 40, L_000002029c6e6790, L_000002029c6e7190;
L_000002029c6e6150 .part L_000002029c6e6010, 39, 1;
L_000002029c6e6f10 .concat [ 1 1 0 0], L_000002029c6e6150, L_000002029c6e6150;
L_000002029c6e7370 .concat [ 40 2 0 0], L_000002029c6e6010, L_000002029c6e6f10;
L_000002029c6e75f0 .part L_000002029c6e5bb0, 39, 1;
L_000002029c6e5cf0 .concat [ 1 1 0 0], L_000002029c6e75f0, L_000002029c6e75f0;
L_000002029c6e5d90 .concat [ 40 2 0 0], L_000002029c6e5bb0, L_000002029c6e5cf0;
L_000002029c6e61f0 .part L_000002029c6e6d30, 39, 1;
L_000002029c6e63d0 .concat [ 1 1 0 0], L_000002029c6e61f0, L_000002029c6e61f0;
L_000002029c6e5ed0 .concat [ 40 2 0 0], L_000002029c6e6d30, L_000002029c6e63d0;
L_000002029c6e6290 .part L_000002029c6e5c50, 39, 1;
L_000002029c6e6fb0 .concat [ 1 1 0 0], L_000002029c6e6290, L_000002029c6e6290;
L_000002029c6e7690 .concat [ 40 2 0 0], L_000002029c6e5c50, L_000002029c6e6fb0;
L_000002029c6e6470 .part v000002029c6e5360_0, 31, 1;
LS_000002029c6e7730_0_0 .concat [ 1 1 1 1], L_000002029c6e6470, L_000002029c6e6470, L_000002029c6e6470, L_000002029c6e6470;
LS_000002029c6e7730_0_4 .concat [ 1 1 1 1], L_000002029c6e6470, L_000002029c6e6470, L_000002029c6e6470, L_000002029c6e6470;
LS_000002029c6e7730_0_8 .concat [ 1 1 0 0], L_000002029c6e6470, L_000002029c6e6470;
L_000002029c6e7730 .concat [ 4 4 2 0], LS_000002029c6e7730_0_0, LS_000002029c6e7730_0_4, LS_000002029c6e7730_0_8;
L_000002029c6e6830 .concat [ 32 10 0 0], v000002029c6e5360_0, L_000002029c6e7730;
L_000002029c6e6330 .arith/sum 42, L_000002029c6e7370, L_000002029c6e5d90;
L_000002029c6e6510 .arith/sum 42, L_000002029c6e5ed0, L_000002029c6e7690;
L_000002029c6e65b0 .arith/sum 42, L_000002029c6e6830, L_000002029c6e6330;
L_000002029c6e6970 .arith/sum 42, L_000002029c6e65b0, L_000002029c6e6510;
L_000002029c6e6a10 .part L_000002029c6e6970, 0, 32;
    .scope S_000002029c5e0d80;
T_0 ;
    %vpi_call/w 4 34 "$readmemh", "data/mem/weights_l1.mem", v000002029c6e5a70 {0 0 0};
    %vpi_call/w 4 35 "$readmemh", "data/mem/biases_l1.mem", v000002029c6e3ce0 {0 0 0};
    %vpi_call/w 4 36 "$readmemh", "data/mem/weights_l2.mem", v000002029c6e6e70 {0 0 0};
    %vpi_call/w 4 37 "$readmemh", "data/mem/biases_l2.mem", v000002029c6e4e60 {0 0 0};
    %end;
    .thread T_0;
    .scope S_000002029c5e0d80;
T_1 ;
Ewait_0 .event/or E_000002029c675c10, E_0x0;
    %wait Ewait_0;
    %pushi/vec4 0, 0, 32;
    %store/vec4 v000002029c6e4a00_0, 0, 32;
    %pushi/vec4 0, 0, 32;
    %store/vec4 v000002029c6e3ec0_0, 0, 32;
    %pushi/vec4 0, 0, 32;
    %store/vec4 v000002029c6e4be0_0, 0, 32;
    %pushi/vec4 0, 0, 32;
    %store/vec4 v000002029c6e40a0_0, 0, 32;
    %pushi/vec4 0, 0, 8;
    %store/vec4 v000002029c6e5680_0, 0, 8;
    %pushi/vec4 0, 0, 8;
    %store/vec4 v000002029c6e41e0_0, 0, 8;
    %pushi/vec4 0, 0, 8;
    %store/vec4 v000002029c6e4fa0_0, 0, 8;
    %pushi/vec4 0, 0, 8;
    %store/vec4 v000002029c6e4140_0, 0, 8;
    %load/vec4 v000002029c6e50e0_0;
    %dup/vec4;
    %pushi/vec4 2, 0, 4;
    %cmp/u;
    %jmp/1 T_1.0, 6;
    %dup/vec4;
    %pushi/vec4 5, 0, 4;
    %cmp/u;
    %jmp/1 T_1.1, 6;
    %pushi/vec4 0, 0, 32;
    %store/vec4 v000002029c6e4a00_0, 0, 32;
    %pushi/vec4 0, 0, 32;
    %store/vec4 v000002029c6e3ec0_0, 0, 32;
    %pushi/vec4 0, 0, 32;
    %store/vec4 v000002029c6e4be0_0, 0, 32;
    %pushi/vec4 0, 0, 32;
    %store/vec4 v000002029c6e40a0_0, 0, 32;
    %pushi/vec4 0, 0, 8;
    %store/vec4 v000002029c6e5680_0, 0, 8;
    %pushi/vec4 0, 0, 8;
    %store/vec4 v000002029c6e41e0_0, 0, 8;
    %pushi/vec4 0, 0, 8;
    %store/vec4 v000002029c6e4fa0_0, 0, 8;
    %pushi/vec4 0, 0, 8;
    %store/vec4 v000002029c6e4140_0, 0, 8;
    %jmp T_1.3;
T_1.0 ;
    %load/vec4 v000002029c6e3d80_0;
    %pad/u 8;
    %ix/vec4 4;
    %load/vec4a v000002029c6e3920, 4;
    %pad/s 32;
    %store/vec4 v000002029c6e4a00_0, 0, 32;
    %load/vec4 v000002029c6e3d80_0;
    %pad/u 32;
    %addi 1, 0, 32;
    %ix/vec4 4;
    %load/vec4a v000002029c6e3920, 4;
    %pad/s 32;
    %store/vec4 v000002029c6e3ec0_0, 0, 32;
    %load/vec4 v000002029c6e3d80_0;
    %pad/u 32;
    %addi 2, 0, 32;
    %ix/vec4 4;
    %load/vec4a v000002029c6e3920, 4;
    %pad/s 32;
    %store/vec4 v000002029c6e4be0_0, 0, 32;
    %load/vec4 v000002029c6e3d80_0;
    %pad/u 32;
    %addi 3, 0, 32;
    %ix/vec4 4;
    %load/vec4a v000002029c6e3920, 4;
    %pad/s 32;
    %store/vec4 v000002029c6e40a0_0, 0, 32;
    %load/vec4 v000002029c6e4500_0;
    %pad/u 32;
    %muli 64, 0, 32;
    %load/vec4 v000002029c6e3d80_0;
    %pad/u 32;
    %add;
    %ix/vec4 4;
    %load/vec4a v000002029c6e5a70, 4;
    %store/vec4 v000002029c6e5680_0, 0, 8;
    %load/vec4 v000002029c6e4500_0;
    %pad/u 32;
    %muli 64, 0, 32;
    %load/vec4 v000002029c6e3d80_0;
    %pad/u 32;
    %add;
    %addi 1, 0, 32;
    %ix/vec4 4;
    %load/vec4a v000002029c6e5a70, 4;
    %store/vec4 v000002029c6e41e0_0, 0, 8;
    %load/vec4 v000002029c6e4500_0;
    %pad/u 32;
    %muli 64, 0, 32;
    %load/vec4 v000002029c6e3d80_0;
    %pad/u 32;
    %add;
    %addi 2, 0, 32;
    %ix/vec4 4;
    %load/vec4a v000002029c6e5a70, 4;
    %store/vec4 v000002029c6e4fa0_0, 0, 8;
    %load/vec4 v000002029c6e4500_0;
    %pad/u 32;
    %muli 64, 0, 32;
    %load/vec4 v000002029c6e3d80_0;
    %pad/u 32;
    %add;
    %addi 3, 0, 32;
    %ix/vec4 4;
    %load/vec4a v000002029c6e5a70, 4;
    %store/vec4 v000002029c6e4140_0, 0, 8;
    %jmp T_1.3;
T_1.1 ;
    %load/vec4 v000002029c6e3b00_0;
    %pad/u 6;
    %ix/vec4 4;
    %load/vec4a v000002029c6e48c0, 4;
    %store/vec4 v000002029c6e4a00_0, 0, 32;
    %load/vec4 v000002029c6e3b00_0;
    %pad/u 32;
    %addi 1, 0, 32;
    %ix/vec4 4;
    %load/vec4a v000002029c6e48c0, 4;
    %store/vec4 v000002029c6e3ec0_0, 0, 32;
    %load/vec4 v000002029c6e3b00_0;
    %pad/u 32;
    %addi 2, 0, 32;
    %ix/vec4 4;
    %load/vec4a v000002029c6e48c0, 4;
    %store/vec4 v000002029c6e4be0_0, 0, 32;
    %load/vec4 v000002029c6e3b00_0;
    %pad/u 32;
    %addi 3, 0, 32;
    %ix/vec4 4;
    %load/vec4a v000002029c6e48c0, 4;
    %store/vec4 v000002029c6e40a0_0, 0, 32;
    %load/vec4 v000002029c6e4f00_0;
    %pad/u 32;
    %muli 16, 0, 32;
    %load/vec4 v000002029c6e3b00_0;
    %pad/u 32;
    %add;
    %ix/vec4 4;
    %load/vec4a v000002029c6e6e70, 4;
    %store/vec4 v000002029c6e5680_0, 0, 8;
    %load/vec4 v000002029c6e4f00_0;
    %pad/u 32;
    %muli 16, 0, 32;
    %load/vec4 v000002029c6e3b00_0;
    %pad/u 32;
    %add;
    %addi 1, 0, 32;
    %ix/vec4 4;
    %load/vec4a v000002029c6e6e70, 4;
    %store/vec4 v000002029c6e41e0_0, 0, 8;
    %load/vec4 v000002029c6e4f00_0;
    %pad/u 32;
    %muli 16, 0, 32;
    %load/vec4 v000002029c6e3b00_0;
    %pad/u 32;
    %add;
    %addi 2, 0, 32;
    %ix/vec4 4;
    %load/vec4a v000002029c6e6e70, 4;
    %store/vec4 v000002029c6e4fa0_0, 0, 8;
    %load/vec4 v000002029c6e4f00_0;
    %pad/u 32;
    %muli 16, 0, 32;
    %load/vec4 v000002029c6e3b00_0;
    %pad/u 32;
    %add;
    %addi 3, 0, 32;
    %ix/vec4 4;
    %load/vec4a v000002029c6e6e70, 4;
    %store/vec4 v000002029c6e4140_0, 0, 8;
    %jmp T_1.3;
T_1.3 ;
    %pop/vec4 1;
    %jmp T_1;
    .thread T_1, $push;
    .scope S_000002029c5e0d80;
T_2 ;
    %wait E_000002029c6764d0;
    %load/vec4 v000002029c6e4820_0;
    %flag_set/vec4 8;
    %jmp/0xz  T_2.0, 8;
    %pushi/vec4 0, 0, 4;
    %assign/vec4 v000002029c6e50e0_0, 0;
    %pushi/vec4 0, 0, 1;
    %assign/vec4 v000002029c6e3e20_0, 0;
    %pushi/vec4 0, 0, 4;
    %assign/vec4 v000002029c6e4780_0, 0;
    %pushi/vec4 0, 0, 6;
    %assign/vec4 v000002029c6e3d80_0, 0;
    %pushi/vec4 0, 0, 4;
    %assign/vec4 v000002029c6e4500_0, 0;
    %pushi/vec4 0, 0, 4;
    %assign/vec4 v000002029c6e4f00_0, 0;
    %pushi/vec4 0, 0, 4;
    %assign/vec4 v000002029c6e3b00_0, 0;
    %pushi/vec4 0, 0, 4;
    %assign/vec4 v000002029c6e5220_0, 0;
    %pushi/vec4 0, 0, 32;
    %assign/vec4 v000002029c6e5360_0, 0;
    %pushi/vec4 0, 0, 32;
    %assign/vec4 v000002029c6e52c0_0, 0;
    %pushi/vec4 0, 0, 4;
    %assign/vec4 v000002029c6e45a0_0, 0;
    %jmp T_2.1;
T_2.0 ;
    %load/vec4 v000002029c6e50e0_0;
    %dup/vec4;
    %pushi/vec4 0, 0, 4;
    %cmp/u;
    %jmp/1 T_2.2, 6;
    %dup/vec4;
    %pushi/vec4 1, 0, 4;
    %cmp/u;
    %jmp/1 T_2.3, 6;
    %dup/vec4;
    %pushi/vec4 2, 0, 4;
    %cmp/u;
    %jmp/1 T_2.4, 6;
    %dup/vec4;
    %pushi/vec4 3, 0, 4;
    %cmp/u;
    %jmp/1 T_2.5, 6;
    %dup/vec4;
    %pushi/vec4 4, 0, 4;
    %cmp/u;
    %jmp/1 T_2.6, 6;
    %dup/vec4;
    %pushi/vec4 5, 0, 4;
    %cmp/u;
    %jmp/1 T_2.7, 6;
    %dup/vec4;
    %pushi/vec4 6, 0, 4;
    %cmp/u;
    %jmp/1 T_2.8, 6;
    %dup/vec4;
    %pushi/vec4 7, 0, 4;
    %cmp/u;
    %jmp/1 T_2.9, 6;
    %dup/vec4;
    %pushi/vec4 8, 0, 4;
    %cmp/u;
    %jmp/1 T_2.10, 6;
    %dup/vec4;
    %pushi/vec4 9, 0, 4;
    %cmp/u;
    %jmp/1 T_2.11, 6;
    %dup/vec4;
    %pushi/vec4 10, 0, 4;
    %cmp/u;
    %jmp/1 T_2.12, 6;
    %pushi/vec4 0, 0, 4;
    %assign/vec4 v000002029c6e50e0_0, 0;
    %jmp T_2.14;
T_2.2 ;
    %pushi/vec4 0, 0, 1;
    %assign/vec4 v000002029c6e3e20_0, 0;
    %load/vec4 v000002029c6e5040_0;
    %flag_set/vec4 8;
    %jmp/0xz  T_2.15, 8;
    %pushi/vec4 0, 0, 4;
    %assign/vec4 v000002029c6e4500_0, 0;
    %pushi/vec4 0, 0, 6;
    %assign/vec4 v000002029c6e3d80_0, 0;
    %pushi/vec4 0, 0, 4;
    %assign/vec4 v000002029c6e4f00_0, 0;
    %pushi/vec4 0, 0, 4;
    %assign/vec4 v000002029c6e3b00_0, 0;
    %pushi/vec4 0, 0, 4;
    %assign/vec4 v000002029c6e5220_0, 0;
    %pushi/vec4 1, 0, 4;
    %assign/vec4 v000002029c6e50e0_0, 0;
T_2.15 ;
    %jmp T_2.14;
T_2.3 ;
    %load/vec4 v000002029c6e4500_0;
    %pad/u 6;
    %ix/vec4 4;
    %load/vec4a v000002029c6e3ce0, 4;
    %assign/vec4 v000002029c6e5360_0, 0;
    %pushi/vec4 0, 0, 6;
    %assign/vec4 v000002029c6e3d80_0, 0;
    %pushi/vec4 2, 0, 4;
    %assign/vec4 v000002029c6e50e0_0, 0;
    %jmp T_2.14;
T_2.4 ;
    %load/vec4 v000002029c6e54a0_0;
    %assign/vec4 v000002029c6e5360_0, 0;
    %load/vec4 v000002029c6e3d80_0;
    %pad/u 32;
    %cmpi/e 60, 0, 32;
    %jmp/0xz  T_2.17, 4;
    %pushi/vec4 3, 0, 4;
    %assign/vec4 v000002029c6e50e0_0, 0;
    %jmp T_2.18;
T_2.17 ;
    %load/vec4 v000002029c6e3d80_0;
    %pad/u 32;
    %addi 4, 0, 32;
    %pad/u 6;
    %assign/vec4 v000002029c6e3d80_0, 0;
T_2.18 ;
    %jmp T_2.14;
T_2.5 ;
    %load/vec4 v000002029c6e5360_0;
    %ix/load 4, 7, 0;
    %flag_set/imm 4, 0;
    %shiftr/s 4;
    %cmpi/s 0, 0, 32;
    %jmp/0xz  T_2.19, 5;
    %pushi/vec4 0, 0, 32;
    %load/vec4 v000002029c6e4500_0;
    %pad/u 6;
    %ix/vec4 3;
    %ix/load 4, 0, 0; Constant delay
    %assign/vec4/a/d v000002029c6e48c0, 0, 4;
    %jmp T_2.20;
T_2.19 ;
    %load/vec4 v000002029c6e5360_0;
    %ix/load 4, 7, 0;
    %flag_set/imm 4, 0;
    %shiftr/s 4;
    %load/vec4 v000002029c6e4500_0;
    %pad/u 6;
    %ix/vec4 3;
    %ix/load 4, 0, 0; Constant delay
    %assign/vec4/a/d v000002029c6e48c0, 0, 4;
T_2.20 ;
    %load/vec4 v000002029c6e4500_0;
    %pad/u 32;
    %cmpi/e 15, 0, 32;
    %jmp/0xz  T_2.21, 4;
    %pushi/vec4 0, 0, 4;
    %assign/vec4 v000002029c6e4f00_0, 0;
    %pushi/vec4 4, 0, 4;
    %assign/vec4 v000002029c6e50e0_0, 0;
    %jmp T_2.22;
T_2.21 ;
    %load/vec4 v000002029c6e4500_0;
    %addi 1, 0, 4;
    %assign/vec4 v000002029c6e4500_0, 0;
    %pushi/vec4 1, 0, 4;
    %assign/vec4 v000002029c6e50e0_0, 0;
T_2.22 ;
    %jmp T_2.14;
T_2.6 ;
    %load/vec4 v000002029c6e4f00_0;
    %pad/u 5;
    %ix/vec4 4;
    %load/vec4a v000002029c6e4e60, 4;
    %assign/vec4 v000002029c6e5360_0, 0;
    %pushi/vec4 0, 0, 4;
    %assign/vec4 v000002029c6e3b00_0, 0;
    %pushi/vec4 5, 0, 4;
    %assign/vec4 v000002029c6e50e0_0, 0;
    %jmp T_2.14;
T_2.7 ;
    %load/vec4 v000002029c6e54a0_0;
    %assign/vec4 v000002029c6e5360_0, 0;
    %load/vec4 v000002029c6e3b00_0;
    %pad/u 32;
    %cmpi/e 12, 0, 32;
    %jmp/0xz  T_2.23, 4;
    %pushi/vec4 6, 0, 4;
    %assign/vec4 v000002029c6e50e0_0, 0;
    %jmp T_2.24;
T_2.23 ;
    %load/vec4 v000002029c6e3b00_0;
    %pad/u 32;
    %addi 4, 0, 32;
    %pad/u 4;
    %assign/vec4 v000002029c6e3b00_0, 0;
T_2.24 ;
    %jmp T_2.14;
T_2.8 ;
    %load/vec4 v000002029c6e5360_0;
    %ix/load 4, 7, 0;
    %flag_set/imm 4, 0;
    %shiftr/s 4;
    %load/vec4 v000002029c6e4f00_0;
    %pad/u 5;
    %ix/vec4 3;
    %ix/load 4, 0, 0; Constant delay
    %assign/vec4/a/d v000002029c6e3ba0, 0, 4;
    %load/vec4 v000002029c6e4f00_0;
    %pad/u 32;
    %cmpi/e 9, 0, 32;
    %jmp/0xz  T_2.25, 4;
    %pushi/vec4 7, 0, 4;
    %assign/vec4 v000002029c6e50e0_0, 0;
    %jmp T_2.26;
T_2.25 ;
    %load/vec4 v000002029c6e4f00_0;
    %addi 1, 0, 4;
    %assign/vec4 v000002029c6e4f00_0, 0;
    %pushi/vec4 4, 0, 4;
    %assign/vec4 v000002029c6e50e0_0, 0;
T_2.26 ;
    %jmp T_2.14;
T_2.9 ;
    %ix/load 4, 0, 0;
    %flag_set/imm 4, 0;
    %load/vec4a v000002029c6e3ba0, 4;
    %assign/vec4 v000002029c6e52c0_0, 0;
    %pushi/vec4 0, 0, 4;
    %assign/vec4 v000002029c6e45a0_0, 0;
    %pushi/vec4 1, 0, 4;
    %assign/vec4 v000002029c6e5220_0, 0;
    %pushi/vec4 8, 0, 4;
    %assign/vec4 v000002029c6e50e0_0, 0;
    %jmp T_2.14;
T_2.10 ;
    %load/vec4 v000002029c6e52c0_0;
    %load/vec4 v000002029c6e5220_0;
    %pad/u 5;
    %ix/vec4 4;
    %load/vec4a v000002029c6e3ba0, 4;
    %cmp/s;
    %jmp/0xz  T_2.27, 5;
    %load/vec4 v000002029c6e5220_0;
    %pad/u 5;
    %ix/vec4 4;
    %load/vec4a v000002029c6e3ba0, 4;
    %assign/vec4 v000002029c6e52c0_0, 0;
    %load/vec4 v000002029c6e5220_0;
    %assign/vec4 v000002029c6e45a0_0, 0;
T_2.27 ;
    %load/vec4 v000002029c6e5220_0;
    %pad/u 32;
    %cmpi/e 9, 0, 32;
    %jmp/0xz  T_2.29, 4;
    %pushi/vec4 9, 0, 4;
    %assign/vec4 v000002029c6e50e0_0, 0;
    %jmp T_2.30;
T_2.29 ;
    %load/vec4 v000002029c6e5220_0;
    %addi 1, 0, 4;
    %assign/vec4 v000002029c6e5220_0, 0;
T_2.30 ;
    %jmp T_2.14;
T_2.11 ;
    %load/vec4 v000002029c6e45a0_0;
    %assign/vec4 v000002029c6e4780_0, 0;
    %pushi/vec4 10, 0, 4;
    %assign/vec4 v000002029c6e50e0_0, 0;
    %jmp T_2.14;
T_2.12 ;
    %pushi/vec4 1, 0, 1;
    %assign/vec4 v000002029c6e3e20_0, 0;
    %load/vec4 v000002029c6e5040_0;
    %nor/r;
    %flag_set/vec4 8;
    %jmp/0xz  T_2.31, 8;
    %pushi/vec4 0, 0, 4;
    %assign/vec4 v000002029c6e50e0_0, 0;
T_2.31 ;
    %jmp T_2.14;
T_2.14 ;
    %pop/vec4 1;
T_2.1 ;
    %jmp T_2;
    .thread T_2;
    .scope S_000002029c68ed10;
T_3 ;
    %delay 5000, 0;
    %load/vec4 v000002029c6e7230_0;
    %inv;
    %store/vec4 v000002029c6e7230_0, 0, 1;
    %jmp T_3;
    .thread T_3;
    .scope S_000002029c68ed10;
T_4 ;
    %vpi_call/w 3 51 "$readmemh", "data/mem/inputs.mem", v000002029c6e6650 {0 0 0};
    %vpi_call/w 3 52 "$readmemh", "data/mem/expected_predictions.mem", v000002029c6e5f70 {0 0 0};
    %vpi_call/w 3 53 "$readmemh", "data/mem/expected_hidden_all.mem", v000002029c6e59d0 {0 0 0};
    %vpi_call/w 3 54 "$readmemh", "data/mem/expected_output_all.mem", v000002029c6e7050 {0 0 0};
    %pushi/vec4 0, 0, 1;
    %store/vec4 v000002029c6e7230_0, 0, 1;
    %pushi/vec4 1, 0, 1;
    %store/vec4 v000002029c6e74b0_0, 0, 1;
    %pushi/vec4 0, 0, 1;
    %store/vec4 v000002029c6e5e30_0, 0, 1;
    %pushi/vec4 0, 0, 32;
    %store/vec4 v000002029c6e77d0_0, 0, 32;
    %pushi/vec4 0, 0, 32;
    %store/vec4 v000002029c6e5930_0, 0, 32;
    %pushi/vec4 0, 0, 32;
    %store/vec4 v000002029c6e7550_0, 0, 32;
    %pushi/vec4 0, 0, 32;
    %store/vec4 v000002029c6e72d0_0, 0, 32;
    %pushi/vec4 0, 0, 32;
    %store/vec4 v000002029c6e60b0_0, 0, 32;
    %fork t_1, S_000002029c6542b0;
    %jmp t_0;
    .scope S_000002029c6542b0;
t_1 ;
    %pushi/vec4 0, 0, 32;
    %store/vec4 v000002029c671190_0, 0, 32;
T_4.0 ;
    %load/vec4 v000002029c671190_0;
    %cmpi/s 100, 0, 32;
    %jmp/0xz T_4.1, 5;
    %pushi/vec4 0, 0, 32;
    %store/vec4 v000002029c6e6c90_0, 0, 32;
    %pushi/vec4 0, 0, 32;
    %store/vec4 v000002029c6e66f0_0, 0, 32;
    %wait E_000002029c6762d0;
    %pushi/vec4 1, 0, 1;
    %store/vec4 v000002029c6e74b0_0, 0, 1;
    %pushi/vec4 0, 0, 1;
    %store/vec4 v000002029c6e5e30_0, 0, 1;
    %pushi/vec4 2, 0, 32;
T_4.2 %dup/vec4;
    %pushi/vec4 0, 0, 32;
    %cmp/s;
    %jmp/1xz T_4.3, 5;
    %jmp/1 T_4.3, 4;
    %pushi/vec4 1, 0, 32;
    %sub;
    %wait E_000002029c6764d0;
    %jmp T_4.2;
T_4.3 ;
    %pop/vec4 1;
    %wait E_000002029c6762d0;
    %fork t_3, S_000002029c663910;
    %jmp t_2;
    .scope S_000002029c663910;
t_3 ;
    %pushi/vec4 0, 0, 32;
    %store/vec4 v000002029c670fb0_0, 0, 32;
T_4.4 ;
    %load/vec4 v000002029c670fb0_0;
    %cmpi/s 64, 0, 32;
    %jmp/0xz T_4.5, 5;
    %load/vec4 v000002029c671190_0;
    %muli 64, 0, 32;
    %load/vec4 v000002029c670fb0_0;
    %add;
    %ix/vec4/s 4;
    %load/vec4a v000002029c6e6650, 4;
    %ix/getv/s 4, v000002029c670fb0_0;
    %store/vec4a v000002029c6e3920, 4, 0;
    ; show_stmt_assign_vector: Get l-value for compressed += operand
    %load/vec4 v000002029c670fb0_0;
    %pushi/vec4 1, 0, 32;
    %add;
    %cast2;
    %store/vec4 v000002029c670fb0_0, 0, 32;
    %jmp T_4.4;
T_4.5 ;
    %end;
    .scope S_000002029c6542b0;
t_2 %join;
    %pushi/vec4 0, 0, 1;
    %store/vec4 v000002029c6e74b0_0, 0, 1;
    %wait E_000002029c6762d0;
    %pushi/vec4 1, 0, 1;
    %store/vec4 v000002029c6e5e30_0, 0, 1;
    %wait E_000002029c6762d0;
    %pushi/vec4 0, 0, 1;
    %store/vec4 v000002029c6e5e30_0, 0, 1;
T_4.6 ;
    %load/vec4 v000002029c6e7410_0;
    %cmpi/ne 1, 0, 1;
    %flag_get/vec4 6;
    %jmp/0 T_4.8, 6;
    %load/vec4 v000002029c6e66f0_0;
    %cmpi/s 1000, 0, 32;
    %flag_get/vec4 5;
    %and;
T_4.8;
    %flag_set/vec4 8;
    %jmp/0xz T_4.7, 8;
    %wait E_000002029c6764d0;
    ; show_stmt_assign_vector: Get l-value for compressed += operand
    %load/vec4 v000002029c6e66f0_0;
    %pushi/vec4 1, 0, 32;
    %add;
    %cast2;
    %store/vec4 v000002029c6e66f0_0, 0, 32;
    %jmp T_4.6;
T_4.7 ;
    %load/vec4 v000002029c6e7410_0;
    %cmpi/ne 1, 0, 1;
    %jmp/0xz  T_4.9, 6;
    %vpi_call/w 3 94 "$display", "Sample %0d: TIMEOUT after %0d cycles", v000002029c671190_0, v000002029c6e66f0_0 {0 0 0};
    ; show_stmt_assign_vector: Get l-value for compressed += operand
    %load/vec4 v000002029c6e6c90_0;
    %pushi/vec4 1, 0, 32;
    %add;
    %cast2;
    %store/vec4 v000002029c6e6c90_0, 0, 32;
    %jmp T_4.10;
T_4.9 ;
    %load/vec4 v000002029c6e68d0_0;
    %ix/getv/s 4, v000002029c671190_0;
    %load/vec4a v000002029c6e5f70, 4;
    %parti/s 4, 0, 2;
    %cmp/ne;
    %jmp/0xz  T_4.11, 6;
    %vpi_call/w 3 98 "$display", "Sample %0d prediction mismatch: RTL=%0d expected=%0d", v000002029c671190_0, v000002029c6e68d0_0, &A<v000002029c6e5f70, v000002029c671190_0 > {0 0 0};
    ; show_stmt_assign_vector: Get l-value for compressed += operand
    %load/vec4 v000002029c6e77d0_0;
    %pushi/vec4 1, 0, 32;
    %add;
    %cast2;
    %store/vec4 v000002029c6e77d0_0, 0, 32;
    ; show_stmt_assign_vector: Get l-value for compressed += operand
    %load/vec4 v000002029c6e6c90_0;
    %pushi/vec4 1, 0, 32;
    %add;
    %cast2;
    %store/vec4 v000002029c6e6c90_0, 0, 32;
T_4.11 ;
    %fork t_5, S_000002029c663aa0;
    %jmp t_4;
    .scope S_000002029c663aa0;
t_5 ;
    %pushi/vec4 0, 0, 32;
    %store/vec4 v000002029c670d30_0, 0, 32;
T_4.13 ;
    %load/vec4 v000002029c670d30_0;
    %cmpi/s 16, 0, 32;
    %jmp/0xz T_4.14, 5;
    %ix/getv/s 4, v000002029c670d30_0;
    %load/vec4a v000002029c6e48c0, 4;
    %load/vec4 v000002029c671190_0;
    %muli 16, 0, 32;
    %load/vec4 v000002029c670d30_0;
    %add;
    %ix/vec4/s 4;
    %load/vec4a v000002029c6e59d0, 4;
    %cmp/ne;
    %jmp/0xz  T_4.15, 6;
    %load/vec4 v000002029c671190_0;
    %muli 16, 0, 32;
    %load/vec4 v000002029c670d30_0;
    %add;
    %ix/vec4/s 4;
    %load/vec4a v000002029c6e59d0, 4;
    %vpi_call/w 3 111 "$display", "Sample %0d hidden[%0d] mismatch: RTL=%0d expected=%0d", v000002029c671190_0, v000002029c670d30_0, &A<v000002029c6e48c0, v000002029c670d30_0 >, S<0,vec4,s32> {1 0 0};
    ; show_stmt_assign_vector: Get l-value for compressed += operand
    %load/vec4 v000002029c6e5930_0;
    %pushi/vec4 1, 0, 32;
    %add;
    %cast2;
    %store/vec4 v000002029c6e5930_0, 0, 32;
    ; show_stmt_assign_vector: Get l-value for compressed += operand
    %load/vec4 v000002029c6e6c90_0;
    %pushi/vec4 1, 0, 32;
    %add;
    %cast2;
    %store/vec4 v000002029c6e6c90_0, 0, 32;
T_4.15 ;
    ; show_stmt_assign_vector: Get l-value for compressed += operand
    %load/vec4 v000002029c670d30_0;
    %pushi/vec4 1, 0, 32;
    %add;
    %cast2;
    %store/vec4 v000002029c670d30_0, 0, 32;
    %jmp T_4.13;
T_4.14 ;
    %end;
    .scope S_000002029c6542b0;
t_4 %join;
    %fork t_7, S_000002029c5e0bf0;
    %jmp t_6;
    .scope S_000002029c5e0bf0;
t_7 ;
    %pushi/vec4 0, 0, 32;
    %store/vec4 v000002029c670b50_0, 0, 32;
T_4.17 ;
    %load/vec4 v000002029c670b50_0;
    %cmpi/s 10, 0, 32;
    %jmp/0xz T_4.18, 5;
    %ix/getv/s 4, v000002029c670b50_0;
    %load/vec4a v000002029c6e3ba0, 4;
    %load/vec4 v000002029c671190_0;
    %muli 10, 0, 32;
    %load/vec4 v000002029c670b50_0;
    %add;
    %ix/vec4/s 4;
    %load/vec4a v000002029c6e7050, 4;
    %cmp/ne;
    %jmp/0xz  T_4.19, 6;
    %load/vec4 v000002029c671190_0;
    %muli 10, 0, 32;
    %load/vec4 v000002029c670b50_0;
    %add;
    %ix/vec4/s 4;
    %load/vec4a v000002029c6e7050, 4;
    %vpi_call/w 3 126 "$display", "Sample %0d output[%0d] mismatch: RTL=%0d expected=%0d", v000002029c671190_0, v000002029c670b50_0, &A<v000002029c6e3ba0, v000002029c670b50_0 >, S<0,vec4,s32> {1 0 0};
    ; show_stmt_assign_vector: Get l-value for compressed += operand
    %load/vec4 v000002029c6e7550_0;
    %pushi/vec4 1, 0, 32;
    %add;
    %cast2;
    %store/vec4 v000002029c6e7550_0, 0, 32;
    ; show_stmt_assign_vector: Get l-value for compressed += operand
    %load/vec4 v000002029c6e6c90_0;
    %pushi/vec4 1, 0, 32;
    %add;
    %cast2;
    %store/vec4 v000002029c6e6c90_0, 0, 32;
T_4.19 ;
    ; show_stmt_assign_vector: Get l-value for compressed += operand
    %load/vec4 v000002029c670b50_0;
    %pushi/vec4 1, 0, 32;
    %add;
    %cast2;
    %store/vec4 v000002029c670b50_0, 0, 32;
    %jmp T_4.17;
T_4.18 ;
    %end;
    .scope S_000002029c6542b0;
t_6 %join;
T_4.10 ;
    ; show_stmt_assign_vector: Get l-value for compressed += operand
    %load/vec4 v000002029c6e60b0_0;
    %load/vec4 v000002029c6e66f0_0;
    %add;
    %cast2;
    %store/vec4 v000002029c6e60b0_0, 0, 32;
    ; show_stmt_assign_vector: Get l-value for compressed += operand
    %load/vec4 v000002029c6e72d0_0;
    %load/vec4 v000002029c6e6c90_0;
    %add;
    %cast2;
    %store/vec4 v000002029c6e72d0_0, 0, 32;
    %load/vec4 v000002029c6e6c90_0;
    %cmpi/e 0, 0, 32;
    %jmp/0xz  T_4.21, 4;
    %vpi_call/w 3 141 "$display", "Sample %0d: PASS (prediction=%0d, cycles=%0d)", v000002029c671190_0, v000002029c6e68d0_0, v000002029c6e66f0_0 {0 0 0};
    %jmp T_4.22;
T_4.21 ;
    %vpi_call/w 3 146 "$display", "Sample %0d: FAIL (%0d errors)", v000002029c671190_0, v000002029c6e6c90_0 {0 0 0};
T_4.22 ;
    ; show_stmt_assign_vector: Get l-value for compressed += operand
    %load/vec4 v000002029c671190_0;
    %pushi/vec4 1, 0, 32;
    %add;
    %cast2;
    %store/vec4 v000002029c671190_0, 0, 32;
    %jmp T_4.0;
T_4.1 ;
    %end;
    .scope S_000002029c68ed10;
t_0 %join;
    %vpi_call/w 3 150 "$display", "\000" {0 0 0};
    %vpi_call/w 3 151 "$display", "4-MAC samples tested: %0d", P_000002029c6643a8 {0 0 0};
    %vpi_call/w 3 152 "$display", "Prediction errors:    %0d", v000002029c6e77d0_0 {0 0 0};
    %vpi_call/w 3 153 "$display", "Hidden errors:        %0d", v000002029c6e5930_0 {0 0 0};
    %vpi_call/w 3 154 "$display", "Output errors:        %0d", v000002029c6e7550_0 {0 0 0};
    %vpi_call/w 3 155 "$display", "Total errors:         %0d", v000002029c6e72d0_0 {0 0 0};
    %load/vec4 v000002029c6e60b0_0;
    %pushi/vec4 100, 0, 32;
    %div/s;
    %vpi_call/w 3 156 "$display", "Average cycles:       %0d", S<0,vec4,s32> {1 0 0};
    %load/vec4 v000002029c6e72d0_0;
    %cmpi/e 0, 0, 32;
    %jmp/0xz  T_4.23, 4;
    %vpi_call/w 3 159 "$display", "4-MAC OVERALL RESULT: PASS" {0 0 0};
    %vpi_call/w 3 160 "$finish" {0 0 0};
    %jmp T_4.24;
T_4.23 ;
    %vpi_call/w 3 162 "$fatal", 32'sb00000000000000000000000000000001, "4-MAC OVERALL RESULT: FAIL" {0 0 0};
T_4.24 ;
    %end;
    .thread T_4;
# The file index is used to find the file name in the following table.
:file_names 6;
    "N/A";
    "<interactive>";
    "-";
    "tb/nn_accelerator_4mac_tb.sv";
    "rtl/nn_accelerator_4mac.sv";
    "rtl/mac4_unit.sv";
